,label,amountuom,n_subjects,n,mean_amount,std_amount,mean_amount_per_hour,std_amount_per_hour,mean_interval_minutes,std_interval_minutes,p_subjects,dose_impact,comment
0,ACD-A Citrate (1000ml),ml,1331,30619,871.476772790975,267.588827251042,188.309052985995,55.5135158117252,288.599921617296,110.159568560451,0.0261390416339356,Y,
1,ACD-A Citrate (500ml),ml,32,585,631.250567426845,271.469905493835,181.065293874496,64.394168924172,214.500854700855,89.9815644129381,0.000628436763550668,Y,
2,Abciximab (Reopro),mg,7,7,5.04394654646084,2.518940879017,0.681447020594663,0.117999047624377,470.142857142857,272.331555627467,0.000137470542026709,N,
3,Acetaminophen-IV,dose,6,6,1,0,60,0,1,0,0.00011783189316575,N,
4,Acetaminophen-IV,grams,22,41,1,0,60,0,1,0,0.000432050274941084,N,
5,Acetaminophen-IV,mg,14869,64828,985.431477363696,100.351009156398,36702.7490370371,27503.6449102828,6.61931572777195,7.09743477196018,0.29200706991359,N,
6,Acetylcysteine,mcg,1,1,14999.9989662319,,14999.9989662319,,60,,1.96386488609584E-05,N,
7,Acetylcysteine,mg,228,953,6760.49949070657,4070.81844692469,1764.26045562293,8979.99221296391,570.119622245541,384.376323340024,0.00447761194029851,N,
8,Acyclovir,dose,1416,9555,1.32370486656201,13.1129526418903,79.4222919937206,786.777158513418,1,0,0.027808326787117,N,
9,Acyclovir,grams,1,2,1,0,60,0,1,0,1.96386488609584E-05,N,
10,Acyclovir,mcg,1,1,399.99998989515,,23999.999393709,,1,,1.96386488609584E-05,N,
11,Acyclovir,mg,72,186,575.543029884112,204.807713005639,34532.5817930467,12288.4627803384,1,0,0.001413982717989,N,
12,Adenosine,mg,230,433,7.10161669420694,2.71037485625397,426.097001652416,162.622491375238,1,0,0.00451688923802042,N,
13,Albumin 25%,ml,3824,22819,71.9791986431398,55.9077582624878,149.527284968035,107.2833526531,32.6775055874491,20.0437878133601,0.0750981932443048,Y,
14,Albumin 5%,ml,8388,26008,349.09264438145,128.384693385024,465.74377133297,288.988205991114,53.1028914180252,24.4898757609548,0.164728986645719,Y,
15,Alteplase (TPA),mg,231,678,14.8311856755258,22.870183457389,7.84227643158068,38.8017032011667,558.523598820059,552.980781439719,0.00453652788688138,N,
16,Ambisome,dose,162,761,1,0,60,0,1,0,0.00318146111547526,N,
17,Ambisome,mg,6,7,303.571439215115,147.498995195524,18214.2863529069,8849.93971173141,1,0,0.00011783189316575,N,
18,Amikacin,dose,91,344,1,0,60,0,1,0,0.00178711704634721,N,
19,Amikacin,mg,4,6,846.666683753332,196.638405946102,50800.0010251999,11798.3043567661,1,0,7.85545954438335E-05,N,
20,Amino Acids,dose,2,4,0.856969478962128,0.481571543926421,0.0523346799309365,0.0121532037062434,976.75,468.770288449826,3.92772977219167E-05,N,
21,Amino Acids,grams,651,3823,92.3719597637226,1339.88811570918,5.17489629509507,57.7147792820637,1051.16479204813,519.138390300588,0.0127847604084839,N,
22,Aminocaproic acid (Amicar),grams,41,203,5.80640243245243,2.8649581873213,2.05898579017356,1.50498026091712,293.650246305419,245.53288347745,0.000805184603299293,N,
23,Aminocaproic acid (Amicar),mg,7,58,4750.55014733867,1161.69643452337,951.9821463217,154.891211188831,312,107.90850575388,0.000137470542026709,N,
24,Aminophylline,mg,3,20,231.731532613048,52.1949207470608,37.8324589692056,9.03931796320862,387.1,114.883877298592,5.89159465828751E-05,N,
25,Amiodarone,mg,3189,8917,238.969788655743,154.734290917422,4553.23063546974,4653.5552794995,253.318268475945,347.933363236139,0.0626276512175962,N,
26,Amiodarone 450/250,mg,569,3044,291.959920683961,158.10665594518,41.7076064070667,19.2122648163533,460.036465177398,299.647851678542,0.0111743912018853,N,
27,Amiodarone 600/500,mg,1677,7660,343.318195829957,183.672099995842,47.6618268954415,320.611195005706,537.514751958225,354.476466625696,0.0329340141398272,N,
28,Ampicillin,dose,1374,9822,1.01028303807778,0.99933596796134,60.6169822846671,59.9601580776804,1,0,0.0269835035349568,N,
29,Ampicillin,grams,45,237,2.10970464135021,0.396743520259874,126.582278481013,23.8046112155924,1,0,0.000883739198743126,N,
30,Ampicillin,mg,3,10,500,0,30000,0,1,0,5.89159465828751E-05,N,
31,Ampicillin/Sulbactam (Unasyn),dose,1312,7795,1.00102629890956,0.045296884558104,60.0615779345734,2.71781307348623,1,0,0.0257659073055774,N,
32,Ampicillin/Sulbactam (Unasyn),grams,52,251,2.96812749003984,0.250958322598146,178.08764940239,15.0574993558887,1,0,0.00102120974076983,N,
33,Angiotensin II (Giapreza),mg,28,192,0.337150156413483,0.543840948721281,0.161723704068528,0.172841635442469,124.15625,191.848261818624,0.000549882168106834,N,
34,Argatroban,mg,290,2690,54.4893312413491,65.1253635463982,8.64621945416885,13.7390507427318,468.171747211896,587.408125524842,0.00569520816967793,N,
35,Atovaquone,dose,66,128,1.0078125,0.0883883476483184,60.46875,5.30330085889911,1,0,0.00129615082482325,N,
36,Atovaquone,mg,4,6,1125.00008940697,410.791950775683,67500.005364418,24647.517046541,1,0,7.85545954438335E-05,N,
37,Atropine,mg,300,442,1.21832585077611,7.41575873259222,73.0995510465663,444.945523955533,1,0,0.00589159465828751,N,
38,Azithromycin,dose,1608,3672,1.27178649237473,11.6440764204494,76.3071895424836,698.644585226964,1,0,0.0315789473684211,N,
39,Azithromycin,grams,1,1,1,,60,,1,,1.96386488609584E-05,N,
40,Azithromycin,mg,733,1017,362.390364310429,174.346842805306,21743.4218586258,10460.8105683183,1,0,0.0143951296150825,N,
41,Aztreonam,dose,432,2928,1,0,60,0,1,0,0.00848389630793401,N,
42,Aztreonam,grams,8,14,1.71428571428571,0.468807230938495,102.857142857143,28.1284338563097,1,0,0.000157109190887667,N,
43,Aztreonam,mg,12,27,1351.85185185185,704.584094653538,81111.1111111111,42275.0456792123,1,0,0.0002356637863315,N,
44,Bactrim (SMX/TMP),dose,778,4268,1.12933458294283,8.25068059787493,67.7600749765698,495.040835872496,1,0,0.0152788688138256,N,
45,Bactrim (SMX/TMP),mg,28,81,387.419766365596,237.281001946365,23245.1859819358,14236.8601167819,1,0,0.000549882168106834,N,
46,Beneprotein,dose,7,64,1.2651310750889,0.864183768390469,0.196244053308874,0.111642343703193,480.75,383.796738532177,0.000137470542026709,M,Oral
47,Beneprotein,grams,678,7732,17.4430893872532,25.1937973352351,2.70283042809064,8.90393136518442,554.15481117434,427.713358236866,0.0133150039277298,M,Oral
48,Beneprotein,ounces,3,12,1.4630543675122,2.63710403291624,0.569475436586446,0.588790975763905,182.25,180.80885185491,5.89159465828751E-05,M,Oral
49,Beneprotein,pg,1,5,0.455097940406783,0.180646505578061,0.0918871613573533,0.0280786860288878,318,127.929668177479,1.96386488609584E-05,M,Oral
50,Beneprotein.,ml,190,945,89.0857142857143,46.8843697657258,5345.14285714286,2813.06218594354,1,0,0.00373134328358209,M,Oral
51,Bivalirudin (Angiomax),mg,118,1232,89.7021800557762,90.2131905694273,20.7532636514798,33.1487167958995,402.104707792208,512.026182861362,0.00231736056559309,N,
52,Bivalirudin (Angiomax) (Impella),mg,1,24,29.8568316775345,52.9421574945408,9.28281966480427,0.997794195792441,184.791666666667,309.729331930269,1.96386488609584E-05,N,
53,Boost Glucose Control (1/2),ml,1,17,197.485701013137,148.421872307939,40.6979407983668,26.7600553798553,391,351.874800177563,1.96386488609584E-05,M,Oral
54,Boost Glucose Control (1/4),ml,1,1,120.000001788139,,96.0000014305115,,75,,1.96386488609584E-05,M,Oral
55,Boost Glucose Control (3/4),ml,1,11,201.128606479276,150.138722853857,58.0449885671789,23.9296338959,220.363636363636,136.491957805046,1.96386488609584E-05,M,Oral
56,Boost Glucose Control (Full),ml,204,3002,365.605809091132,359.302717677097,66.0983553135657,279.577567754451,378.978347768155,296.406479231744,0.00400628436763551,M,Oral
57,Bumetanide (Bumex),mg,122,1528,6.27743601479664,13.115178316829,53.9014023804576,770.684162658518,192.285994764398,163.835794813805,0.00239591516103692,Y,Dose here is variable and impacts on fluid excretion
58,Calcium Chloride,dose,2,2,1,0,60,0,1,0,3.92772977219167E-05,M,I'm not sure how to unify the grams and mls here
59,Calcium Chloride,grams,79,635,2.38791955636712,1.62568002933895,13.0896408847995,27.2819857686028,225.892913385827,185.374940702762,0.00155145326001571,M,I'm not sure how to unify the grams and mls here
60,Calcium Chloride,mg,108,269,379.343114222662,652.646353418459,18676.2518298974,31236.7752895203,95.5092936802974,171.068320413588,0.0021209740769835,M,I'm not sure how to unify the grams and mls here
61,Calcium Gluconate,grams,17328,61661,2.26727561664525,2.81527769866158,2.10185007444512,2.62836279620027,69.6874847959002,74.2477530490009,0.340298507462687,Y,I'm not sure how to unify the grams and mls here
62,Calcium Gluconate (Bolus),ml,1120,2150,84.463486414427,41.0507718254549,80.3376155667527,30.624038350578,64.4609302325581,36.796462151518,0.0219952867242734,Y,I'm not sure how to unify the grams and mls here
63,Calcium Gluconate (CRRT),grams,1591,33813,10.5950416762108,18.3845221126185,1.94174534193006,4.60166885055117,348.723419986396,241.998097605656,0.0312450903377848,Y,I'm not sure how to unify the grams and mls here
64,Calcium Gluconate (CRRT),mg,1,2,8.20000053863623,0.282842731053806,1.60000010509975,0,307.5,10.6066017177982,1.96386488609584E-05,Y,I'm not sure how to unify the grams and mls here
65,Carafate (Sucralfate),dose,354,1191,1,0,60,0,1,0,0.00695208169677926,N,
66,Carafate (Sucralfate),grams,4,9,1.11111111111111,0.333333333333333,66.6666666666667,20,1,0,7.85545954438335E-05,N,
67,Carafate (Sucralfate),mg,1,1,4.00000018998981,,240.000011399388,,1,,1.96386488609584E-05,N,
68,Caspofungin,dose,58,311,1,0,60,0,1,0,0.00113904163393559,N,
69,Caspofungin,mg,5,6,57.5000004221996,14.7478811582849,3450.00002533197,884.872869497095,1,0,9.81932443047918E-05,N,
70,Cath Lab Intake,ml,2172,2447,817.160809154066,972.094373064541,49029.648549244,58325.6623838725,1,0,0.0426551453260016,E,Could exclude these - not sure what they refer to but not drugs
71,Cath Lab Intake,nL,1,1,99.9999974737875,,5999.99984842725,,1,,1.96386488609584E-05,E,Could exclude these - not sure what they refer to but not drugs
72,Cefazolin,dose,10956,37753,1.00283421185071,0.0710725097009907,60.1700527110428,4.26435058205945,1,0,0.21516103692066,N,
73,Cefazolin,grams,450,1103,1.91568449682684,0.35790104256035,114.94106980961,21.474062553621,1,0,0.00883739198743127,N,
74,Cefazolin,mg,19,31,56.3548388778262,149.625877529165,3381.29033266957,8977.55265174991,1,0,0.000373134328358209,N,
75,Cefepime,dose,9237,59174,1.01529387906851,2.09281030798384,60.9176327441106,125.568618479031,1,0,0.181402199528672,N,
76,Cefepime,grams,863,2196,1.85154826958106,0.355628184863688,111.092896174863,21.3376910918213,1,0,0.0169481539670071,N,
77,Cefepime,mcg,1,3,28.3333326175731,20.2072589111586,1699.99995705439,1212.43553466952,1,0,1.96386488609584E-05,N,
78,Cefepime,mg,38,56,345.964285937953,440.720276616422,20757.8571562772,26443.2165969853,1,0,0.000746268656716418,N,
79,Ceftaroline,dose,32,273,1,0,60,0,1,0,0.000628436763550668,N,
80,Ceftaroline,grams,1,1,2,,120,,1,,1.96386488609584E-05,N,
81,Ceftaroline,mg,5,12,550.000021855036,114.812107952584,33000.0013113022,6888.72647715502,1,0,9.81932443047918E-05,N,
82,Ceftazidime,dose,1767,9375,1.01173333333333,1.02302849334742,60.704,61.3817096008455,1,0,0.0347014925373134,N,
83,Ceftazidime,grams,162,385,1.87272727272727,0.35635464970116,112.363636363636,21.3812789820696,1,0,0.00318146111547526,N,
84,Ceftazidime,mg,6,7,678.857142870714,656.578867694032,40731.4285722428,39394.7320616419,1,0,0.00011783189316575,N,
85,Ceftriaxone,dose,6723,17273,1.00057893822729,0.0263520569697729,60.0347362936375,1.58112341818638,1,0,0.132030636292223,N,
86,Ceftriaxone,grams,318,396,1.42424242424242,0.494852676522468,85.4545454545454,29.6911605913481,1,0,0.00624509033778476,N,
87,Ceftriaxone,mg,11,14,312.92857466698,595.546224728112,18775.7144800188,35732.7734836867,1,0,0.000216025137470542,N,
88,Cell Saver,ml,24,24,503.08333158493,187.435530710238,533.291664719582,283.977259161847,61,14.5542463548107,0.000471327572663001,E,Could exclude this
89,Chocolate Scandi Shake (mixed),ml,2,4,180,69.2820323027551,10800,4156.9219381653,1,0,3.92772977219167E-05,M,Oral
90,Ciprofloxacin,dose,3881,17002,1.07622632631455,5.7765847927302,64.5735795788731,346.595087563811,1,0,0.0762175962293794,N,
91,Ciprofloxacin,grams,1,1,1,,60,,1,,1.96386488609584E-05,N,
92,Ciprofloxacin,mg,170,251,403.792835875002,93.9636434974454,24227.5701525001,5637.81860984672,1,0,0.00333857030636292,N,
93,Cisatracurium,mcg,1,1,0.200000002337219,,12.0000001402332,,1,,1.96386488609584E-05,N,
94,Cisatracurium,mg,1321,14960,56.4051318399547,56.1301358092281,75.5521072587911,239.756171529828,227.494919786096,232.789283614618,0.025942655145326,N,
95,Citrate,mmol,1356,31302,97.6379920483555,34.3951251816361,21.428390330682,38.8421773321084,287.083956296722,110.461707990028,0.0266300078554595,N,
96,Clevidipine (Cleviprex),mg,198,4562,7.64506619442764,8.27716071905702,6.44253734531545,5.1561629286167,80.0087680841736,94.218373337849,0.00388845247446976,N,
97,Clindamycin,dose,1046,5709,1.00017516202487,0.0132348791030749,60.0105097214924,0.794092746184492,1,0,0.0205420267085624,N,
98,Clindamycin,mg,59,229,678.820987585851,176.649894502509,40729.259255151,10598.9936701505,1,0,0.00115868028279654,N,
99,Colistin,dose,24,328,1,0,60,0,1,0,0.000471327572663001,N,
100,Colistin,mg,1,3,90.0000035762787,0,5400.00021457672,0,1,0,1.96386488609584E-05,N,
101,Coumadin (Warfarin),dose,1418,2251,1.06752554420258,0.484302989313833,64.0515326521546,29.05817935883,1,0,0.027847604084839,N,
102,Coumadin (Warfarin),mcg,2,2,251.500011927419,351.432086967566,15090.0007156451,21085.925218054,1,0,3.92772977219167E-05,N,
103,Coumadin (Warfarin),mg,302,380,3.47105279276883,1.96719920428767,208.26316756613,118.03195225726,1,0,0.00593087195600943,N,
104,Cryoprecipitate,ml,994,3376,123.095895722416,38.3177951240698,306.155800528833,328.718349055011,38.7642180094787,21.5268192247823,0.0195208169677926,Y,
105,Cyclosporine,mg,12,38,97.6578972239574,66.5384592742602,44.7255706661197,33.6324153325565,163.763157894737,95.6371052639701,0.0002356637863315,N,
106,D5 1/2NS,L,1,3,1.00000000441074,2.55082811080404E-08,0.100503826141357,0.000444453617570229,597,2.64575131106459,1.96386488609584E-05,Y,
107,D5 1/2NS,ml,7373,27457,600.172994438462,399.067622484981,325.099717982288,3153.50998675532,463.515205594202,477.480338471599,0.144795758051846,Y,
108,D5 1/4NS,ml,203,407,544.656258099294,374.988524375399,1558.82008268734,7060.69390218977,409.019656019656,431.892883325109,0.00398664571877455,Y,
109,D5LR,ml,876,3118,606.459389091263,391.789586595948,407.537242425232,3912.69699470071,438.074085952534,412.187601107728,0.0172034564021995,Y,
110,D5NS,cm3,1,1,470.833322107792,,49.9999988079071,,565,,1.96386488609584E-05,Y,
111,D5NS,ml,1980,5815,561.079753512308,401.700985856047,372.94053212265,3611.59187862911,415.402579535684,418.20765127796,0.0388845247446976,Y,
112,Daptomycin,dose,609,2317,1,0,60,0,1,0,0.0119599371563236,N,
113,Daptomycin,mg,21,32,539.687515934929,202.045744430061,32381.2509560957,12122.7446658036,1,0,0.000412411626080126,N,
114,Dexmedetomidine (Precedex),mcg,5891,98430,146.080410269027,160.149163353949,73.9380582903585,286.136162473804,129.291079955298,136.732183715395,0.115691280439906,N,
115,Dexmedetomidine (Precedex),mg,361,5969,0.314369337351392,0.339590245651276,0.102174821356688,0.776742488526945,199.512648684872,204.841443494784,0.00708955223880597,N,
116,Dextran 40,ml,20,42,304.06836736557,171.847815100082,116.651973852089,347.612303353723,613.071428571429,450.907940031305,0.000392772977219167,Y,
117,Dextrose 10%,ml,1181,4514,341.998923297477,334.4898790316,83.7982360129218,1060.82174507722,505.156180770935,601.13225556071,0.0231932443047918,Y,
118,Dextrose 20%,ml,69,569,277.493652914119,262.656931464672,56.423699780382,49.6674086587191,343.525483304042,338.999527089734,0.00135506677140613,Y,
119,Dextrose 30%,ml,2,13,737.259074823214,423.69354091846,79.3634454103617,40.1184776509666,479.846153846154,196.013114422584,3.92772977219167E-05,Y,
120,Dextrose 40%,ml,7,51,230.467435344761,257.425692096676,30.7688012017923,25.3652760378857,447.254901960784,340.379132329657,0.000137470542026709,Y,
121,Dextrose 5%,ml,38356,1024580,110.841767906904,199.573219393754,3285.5713129168,9998.18284323489,167.934788889106,357.660425518408,0.753260015710919,Y,
122,Dextrose 50%,ml,5111,13265,32.3759592913397,13.2908147679234,1942.55755748038,797.448886075403,1,0,0.100373134328358,Y,
123,Dextrose PN,grams,602,3410,194.52631570415,124.332720244444,12.0083608078098,23.2436059954877,1050.78709677419,517.4251597684,0.0118224666142969,Y,
124,Dextrose PN,pg,1,1,14.9999998731474,,0.843486403363488,,1067,,1.96386488609584E-05,Y,
125,Diazepam (Valium),mg,584,4248,9.08658254159982,5.64168763344861,545.194952495989,338.501258006917,1,0,0.0114689709347997,N,
126,Digoxin (Lanoxin),dose,12,14,0.935714285820723,0.240535117322932,56.1428571492433,14.4321070393759,1,0,0.0002356637863315,N,
127,Digoxin (Lanoxin),mcg,68,133,167.217300759618,97.7554428348779,10033.0380455771,5865.32657009268,1,0,0.00133542812254517,N,
128,Digoxin (Lanoxin),mg,405,957,1.18913271796745,13.4115304717671,71.3479630780468,804.691828306023,1,0,0.00795365278868814,N,
129,Dilantin,grams,6,6,1,0,60,0,1,0,0.00011783189316575,N,
130,Dilantin,mg,1238,6830,190.637684713867,244.92158143763,10796.4129475257,14231.1300592643,3.03382137628111,11.1458152298958,0.0243126472898665,N,
131,Diltiazem,mcg,1,1,24.9999993684469,,1499.99996210681,,1,,1.96386488609584E-05,N,
132,Diltiazem,mg,2277,15647,33.6122349469998,39.8810846943993,197.017198581584,400.461008100044,177.82252188918,252.704086068853,0.0447172034564022,N,
133,Dobutamine,mg,895,8389,146.763264771166,135.547554342405,26.5116294514595,22.0731184908107,379.241387531291,362.562532417514,0.0175765907305577,N,
134,Dopamine,mg,1758,16450,80.6225701855648,117.397904701506,37.0602126916501,135.535190070656,156.274164133739,243.174569162956,0.0345247446975648,N,
135,Doxycycline,dose,290,1271,1,0,60,0,1,0,0.00569520816967793,N,
136,Doxycycline,mg,12,20,100.000001490116,0,6000.00008940697,0,1,0,0.0002356637863315,N,
137,Drotrecogin (Xigris),mg,9,102,8.76196258293788,2.36355809477641,2.36133682098144,1.03183795439084,235.480392156863,78.3306940574885,0.000176747839748625,N,
138,Enlive (Full),ml,1,1,158.25,,15,,633,,1.96386488609584E-05,N,
139,Enoxaparin (Lovenox),dose,1072,3426,1.02597781669586,1.5205346710717,61.5586690017513,91.2320802643019,1,0,0.0210526315789474,N,
140,Enoxaparin (Lovenox),mcg,1,1,79.99999797903,,4799.9998787418,,1,,1.96386488609584E-05,N,
141,Enoxaparin (Lovenox),mg,36,57,66.4912306033728,29.0622021352524,3989.47383620237,1743.73212811515,1,0,0.000706991358994501,N,
142,Ensure (3/4),ml,1,1,968.468506336212,,90.0900936126709,,645,,1.96386488609584E-05,M,Oral
143,Ensure (Full),ml,234,725,225.931768535869,162.351075988146,6976.94294809514,6774.65998028104,139.426206896552,211.258983600767,0.00459544383346426,M,Oral
144,Ensure Plus (Full),ml,70,196,322.555704085803,340.3146879323,7314.9971204768,9156.70378606947,184.25,277.517426110275,0.00137470542026709,M,Oral
145,Epinephrine,mcg,5,12,240.337548883455,468.572077637716,1860.1418477715,5872.74768500509,82.75,71.9774270170864,9.81932443047918E-05,Y,Vasodilator dose/rate important
146,Epinephrine,mg,2866,23610,0.924014552123043,1.76865356924652,0.713659239148346,2.95096425837504,168.127022448115,261.191257624394,0.0562843676355067,Y,Vasodilator dose/rate important
147,Epinephrine.,mcg,7,11,177.399995519326,232.66361396807,10643.9997311596,13959.8168380842,1,0,0.000137470542026709,Y,Vasodilator dose/rate important
148,Epinephrine.,mg,46,108,0.886111151043291,0.746763546217152,53.1666690625975,44.8058127730291,1,0,0.000903377847604085,Y,Vasodilator dose/rate important
149,Epoprostenol (Veletri),mg,5,147,0.592917597901755,0.516873414337222,0.166328650956465,0.176311804279302,295.258503401361,216.063571582227,9.81932443047918E-05,N,
150,Eptifibatide (Integrilin),mg,493,1139,56.6974837641684,24.0152445491862,10.3736542294394,3.68051765597771,356.553994732221,200.623013443453,0.00968185388845247,N,
151,Ertapenem sodium (Invanz),dose,14,31,1,0,60,0,1,0,0.000274941084053417,N,
152,Ertapenem sodium (Invanz),grams,1,1,1,,60,,1,,1.96386488609584E-05,N,
153,Erythromycin,dose,252,865,1,0,60,0,1,0,0.00494893951296151,N,
154,Erythromycin,mg,13,50,227.000000923872,101.121264203465,13620.0000554323,6067.27585220791,1,0,0.000255302435192459,N,
155,Esmolol,mcg,1,4,500.000023748726,0,30000.0014249235,0,1,0,1.96386488609584E-05,N,
156,Esmolol,mg,958,12583,928.895562355927,838.769749005253,719.884023986329,619.302179616453,100.396884685687,120.135320153802,0.0188138256087981,N,
157,Esomeprazole (Nexium),dose,73,171,1,0,60,0,1,0,0.00143362136684996,N,
158,Esomeprazole (Nexium),mg,4,6,40.0000028312206,0,2400.00016987324,0,1,0,7.85545954438335E-05,N,
159,Ethambutol,dose,7,13,1,0,60,0,1,0,0.000137470542026709,N,
160,Factor VIII,International Units,6,9,2680.88892618815,1609.58545858434,13185.555674235,18233.5318883762,28.3333333333333,24.0520269416114,0.00011783189316575,N,
161,Factor VIII,units,1,1,5257.99987792969,,31547.9992675781,,10,,1.96386488609584E-05,N,
162,Factor VIIa,dose,3,3,1.00000003973643,2.15079735502402E-08,2.66666673123837,2.8867513674561,43.3333333333333,28.8675134594813,5.89159465828751E-05,N,
163,Factor VIIa,mcg,42,97,3575.85555985665,1601.45873663112,38615.4522280974,30638.1248499093,15.8865979381443,21.4305449303966,0.000824823252160251,N,
164,Factor VIIa,mg,3,4,2.75000018518767,1.50000008660654,10.016949945566,9.91950796862743,33.75,29.7811461610642,5.89159465828751E-05,N,
165,Factor VIIa,pg,2,2,3500.00001203554,707.106761188202,110000.000774768,98994.9504915794,3.5,3.53553390593274,3.92772977219167E-05,N,
166,Famotidine (Pepcid),dose,11705,55433,1.00380639691159,0.38042266455401,60.2283838146952,22.8253598732405,1,0,0.229870384917518,N,
167,Famotidine (Pepcid),grams,2,2,20,0,1200,0,1,0,3.92772977219167E-05,N,
168,Famotidine (Pepcid),mg,271,459,20.3921582817642,3.21344465913683,1223.52949690585,192.80667954821,1,0,0.00532207384131972,N,
169,Fentanyl,mcg,16718,190385,45.8625293958856,29.6908055384752,2746.53079597703,1673.89150921624,1.02278540851433,2.47843793921679,0.328318931657502,N,
170,Fentanyl,mg,1038,11304,0.706442501137705,0.802986061204735,0.167775764535422,1.86896226947114,412.609695682944,511.991245679306,0.0203849175176748,N,
171,Fentanyl (Concentrate),mcg,12,80,355.498982497338,601.093145730559,120.233727550101,293.926773070729,261.025,363.435365904136,0.0002356637863315,N,
172,Fentanyl (Concentrate),mg,9998,109348,0.692222601759005,0.812434720953677,0.150720810238031,1.36863594478191,392.732221897063,483.116353230063,0.196347211311862,N,
173,Fiber Supplement (i.e. Banana Flakes),ml,116,597,105.309882747069,42.0248742196113,6318.59296482412,2521.49245317668,1,0,0.00227808326787117,N,
174,Fibersource HN (1/2),ml,5,42,380.807036985244,320.563835897999,55.9864650240966,34.9800478411868,398.190476190476,249.017017549074,9.81932443047918E-05,M,Oral
175,Fibersource HN (1/4),ml,1,26,293.961978853895,329.099466764092,46.5453477776968,11.6768999393699,368.076923076923,354.407101856261,1.96386488609584E-05,M,Oral
176,Fibersource HN (3/4),ml,5,49,453.556174721645,302.200701019611,65.4461097869338,31.6649863848117,422.673469387755,227.507636113155,9.81932443047918E-05,M,Oral
177,Fibersource HN (Full),ml,484,5842,360.696896315753,344.652146202008,52.3738715282486,185.848876983043,447.809140705238,353.674551589976,0.00950510604870385,M,Oral
178,Fluconazole,dose,1159,4578,1.087374399301,5.89706789086556,65.2424639580603,353.824073451934,1,0,0.0227611940298507,N,
179,Fluconazole,mg,87,117,400.854707464703,213.143846454511,24051.2824478822,12788.6307872706,1,0,0.00170856245090338,N,
180,Folic Acid,dose,3,3,0.816831715560208,0.317256865318437,1.35808587772772,1.11182805453855,141.333333333333,192.834989909335,5.89159465828751E-05,N,
181,Folic Acid,grams,2,2,1.00000005215406,0,3.00000015646219,1.41421363613008,22.5,10.6066017177982,3.92772977219167E-05,N,
182,Folic Acid,mg,1682,3387,5.03435976684828,38.8879316607298,7.63887618121678,91.5114754150597,205.227339828757,251.453772470025,0.033032207384132,N,
183,Fondaparinux,dose,99,247,1,0,60,0,1,0,0.00194422623723488,N,
184,Foscarnet,dose,11,92,1,0,60,0,1,0,0.000216025137470542,N,
185,Fosphenytoin,dose,5,20,1,0,60,0,1,0,9.81932443047918E-05,N,
186,Fosphenytoin,grams,2,2,1,0,60,0,1,0,3.92772977219167E-05,N,
187,Fosphenytoin,mg,506,3991,202.334006664565,277.628578402815,11718.2013087551,16473.328953721,2.68428965171636,13.4190248083573,0.00993715632364493,N,
188,Free Water,ml,5558,70566,152.426961993028,104.661743017822,9145.61771958167,6279.7045810693,1,0,0.109151610369207,M,Presumably these are oral doses
189,Fresh Frozen Plasma,ml,4518,16148,293.970583911747,64.3226311724338,518.905747577086,684.03531965312,47.5546197671538,30.2051785318702,0.0887274155538099,Y,
190,Furosemide (Lasix),dose,1,2,1,0,60,0,1,0,1.96386488609584E-05,Y,
191,Furosemide (Lasix),mg,18650,99410,42.8039430884736,43.5078379945465,2044.44670045389,2285.45512739432,66.9213560004024,201.750118197863,0.366260801256874,Y,
192,Furosemide (Lasix) 250/50,mg,2517,18645,112.190677795773,97.0795094826597,16.496839942984,119.224532563509,479.530061678734,430.144599956734,0.0494304791830322,Y,
193,GT Flush,cm3,1,1,0,,0,,1,,1.96386488609584E-05,N,
194,GT Flush,ml,12100,223875,47.4577018425461,52.3770156674298,2847.46211055276,3142.62094004575,1,0,0.237627651217596,N,
195,Gancyclovir,dose,87,598,1,0,60,0,1,0,0.00170856245090338,N,
196,Gancyclovir,mg,8,16,299.062516540289,99.6028669941475,17943.7509924173,5976.17201964885,1,0,0.000157109190887667,N,
197,Gastric Meds,L,1,1,4,,240,,1,,1.96386488609584E-05,N,
198,Gastric Meds,ml,14824,304467,59.4674930288044,76.987717710927,3568.04958172827,4619.26306265556,1,0,0.291123330714847,N,
199,Gentamicin,dose,766,2275,1.21802197802198,6.13881708811895,73.0813186813187,368.329025287138,1,0,0.0150432050274941,N,
200,Gentamicin,mg,42,75,154.000007261833,141.143980558657,9240.00043570995,8468.6388335194,1,0,0.000824823252160251,N,
201,Glucerna (1/2),ml,2,18,445.757363816102,181.051777937181,113.489730556806,37.9524222520132,240.166666666667,68.2014748848629,3.92772977219167E-05,M,Oral
202,Glucerna (Full),ml,101,1399,362.864983137183,332.731627353125,59.5291576961094,64.2543124204941,385.805575411008,300.430610267143,0.0019835035349568,M,Oral
203,Glucerna 1.2 (Full),ml,719,10301,397.585272263704,357.731528367799,56.2783885344106,107.026970302138,441.349771866809,341.746477140665,0.0141201885310291,M,Oral
204,Glucerna 1.5 (Full),ml,702,10123,375.615818141512,315.537641725327,54.0638280331067,160.684504211527,465.400770522572,348.496135868779,0.0137863315003928,M,Oral
205,Glycopyrolate (Robinul),dose,1,1,1,,60,,1,,1.96386488609584E-05,N,
206,Glycopyrolate (Robinul),mcg,1,1,199.999994947575,,11999.9996968545,,1,,1.96386488609584E-05,N,
207,Glycopyrolate (Robinul),mg,2400,2759,0.558680707857826,1.31834688758027,33.5208424714695,79.1008132548162,1,0,0.0471327572663001,N,
208,Haloperidol (Haldol),mg,3479,13605,2.98386641779934,2.52669692945193,179.031985067961,151.601815767115,1,0,0.0683228593872742,N,
209,Heparin Sodium,units,8553,76015,9873.80971140851,8037.19517317042,18718.74065303,65094.8696274519,466.36849306058,417.046504539955,0.167969363707777,N,
210,Heparin Sodium (Impella),units,96,1322,3153.28263434506,4799.19419027839,567.243771344513,297.840065440883,349.641452344932,511.410733871967,0.001885310290652,N,
211,Heparin Sodium (Prophylaxis),dose,18732,150616,2.92783635204759,112.210406286781,175.670181122855,6732.62437720697,1,0,0.367871170463472,N,
212,Heparin Sodium (Prophylaxis),mg,9,14,5892.92880985054,2104.52829826126,353575.728591032,126271.697895676,1,0,0.000176747839748625,N,
213,Hetastarch (Hespan) 6%,ml,41,51,471.045750772252,84.7492785797391,1509.28244422464,610.418567809476,31.9411764705882,47.7951511200481,0.000805184603299293,Y,
214,Hydralazine,mg,7488,30426,11.9881524220706,4.73379627895156,719.23294338706,284.066191614282,1.00131466508907,0.177811715564973,0.147054202670856,N,
215,Hydrochloric Acid - HCL,mEq,25,48,58.2500283773989,75.7962272904357,57.1119878301397,360.124214226964,630.8125,503.051651518753,0.000490966221523959,N,
216,Hydromorphone (Dilaudid),dose,1,1,1,,60,,1,,1.96386488609584E-05,N,
217,Hydromorphone (Dilaudid),mcg,4,7,517.857150303566,876.274578245156,9742.99111216429,5473.57681280568,31.4285714285714,80.5064327509654,7.85545954438335E-05,N,
218,Hydromorphone (Dilaudid),mg,10582,100038,2.17190533260873,16.1904362985276,44.2751202507203,58.4115236769061,25.5222415482117,136.777896199484,0.207816182246661,N,
219,IV Immune Globulin (IVIG),ml,255,1738,116.646667254956,134.961287786588,78.2731129678762,88.0543149023675,91.1426927502877,111.869080619858,0.00500785545954438,N,
220,Imipenem/Cilastatin,dose,144,1458,1,0,60,0,1,0,0.002827965435978,N,
221,Imipenem/Cilastatin,mg,4,9,583.333337472545,320.156216012067,35000.0002483527,19209.372960724,1,0,7.85545954438335E-05,N,
222,Impact (1/2),ml,4,31,162.330916931192,132.578452050847,38.8814766632934,29.1234134528552,310.387096774194,197.011281812211,7.85545954438335E-05,M,Oral
223,Impact (1/4),ml,1,10,470.555628916621,380.963340360275,46.1061588227749,20.465715769234,530.8,278.592015519309,1.96386488609584E-05,M,Oral
224,Impact (3/4),ml,4,44,285.739615825767,274.758654972884,60.3826839273626,25.6144881053633,352.5,400.103213427921,7.85545954438335E-05,M,Oral
225,Impact (Full),ml,21,169,374.788573382169,418.353092720621,45.775520233713,18.1758566281762,474.763313609467,436.886580387047,0.000412411626080126,M,Oral
226,Impact with Fiber (1/2),ml,4,8,277.988816145807,341.766706076519,14.3991795368493,6.24253798393155,1351,1924.07283794411,7.85545954438335E-05,M,Oral
227,Impact with Fiber (1/4),ml,1,1,100,,30,,200,,1.96386488609584E-05,M,Oral
228,Impact with Fiber (3/4),ml,1,29,907.968997314059,221.70750694328,125.386198800186,0.848978669234439,434.379310344828,105.889232486831,1.96386488609584E-05,M,Oral
229,Impact with Fiber (Full),ml,76,591,350.936808310626,385.869962033516,52.5455021805267,36.5697286490969,404.697123519459,391.53873498252,0.00149253731343284,M,Oral
230,Insulin - 70/30,units,218,755,22.6377483443709,15.7529069428928,1358.26490066225,945.174416573566,1,0,0.00428122545168892,M,
231,Insulin - Glargine,units,9420,30118,21.732947074953,15.0755627680626,1303.97682449718,904.533766083758,1,0,0.184996072270228,M,
232,Insulin - Humalog,units,10369,83996,4.99107219392492,4.76218720655374,299.464331635495,285.731232393223,1,0,0.203633150039277,M,
233,Insulin - Humalog 75/25,units,118,344,25.0712209302326,17.8056813653393,1504.27325581395,1068.34088192036,1,0,0.00231736056559309,M,
234,Insulin - NPH,units,1135,7075,17.2243816254417,13.7235624686889,1033.4628975265,823.413748121332,1,0,0.0222898664571877,M,
235,Insulin - Novolog,units,171,936,5.97222222222222,4.85305766978782,358.333333333333,291.183460187269,1,0,0.00335820895522388,M,
236,Insulin - Regular,units,19510,283479,6.91141860360079,10.5383653531664,139.921403394044,306.529149993215,67.550926170898,145.597509917778,0.383150039277298,M,
237,Insulin - U500,units,4,18,40.5555555555556,12.8210407131137,2433.33333333333,769.262442786825,1,0,7.85545954438335E-05,M,
238,Isoniazid,dose,9,15,1,0,60,0,1,0,0.000176747839748625,N,
239,Isosource 1.5 (1/2),ml,9,64,232.687731325394,188.232906089708,56.1789772287011,116.454000433583,397.78125,383.118012766757,0.000176747839748625,M,Oral
240,Isosource 1.5 (1/4),ml,2,8,208.565222712234,74.4818991378564,26.6362491622567,7.69070418024762,456.25,58.4777124821317,3.92772977219167E-05,M,Oral
241,Isosource 1.5 (2/3),ml,1,2,69.3026053160429,20.7852548936024,20.0050100684166,7.07815311856864,233.5,144.956890143242,1.96386488609584E-05,M,Oral
242,Isosource 1.5 (3/4),ml,2,20,235.848043844849,192.256765781328,65.3051320910454,60.7204530597453,259.35,134.594625293489,3.92772977219167E-05,M,Oral
243,Isosource 1.5 (Full),ml,566,5813,344.703366374201,340.403556592713,48.3509003572806,291.976593562529,479.515224496818,393.614464739033,0.0111154752553024,M,Oral
244,Isuprel,mg,36,156,0.441421257072432,0.622972581976533,0.203176442393162,0.226913584839111,201.673076923077,268.820582052393,0.000706991358994501,N,
245,Jevity 1.2 (Full),ml,1016,10906,417.038227023355,378.430021453732,56.5973343517014,288.270700256304,485.03520997616,368.90108945233,0.0199528672427337,M,Oral
246,Jevity 1.5 (Full),ml,1237,12805,392.627793401794,363.000847126256,65.0964717576364,313.7059123703,483.055603279969,396.741112098222,0.0242930086410055,M,Oral
247,K Phos,mmol,4860,8775,19.1045545623038,15.4449147299405,4.02187356987452,11.036866630253,317.98188034188,106.583666530862,0.0954438334642577,Y,
248,KCL (Bolus),ml,16025,98860,56.1310196861282,34.1324073196784,54.1060556387014,19.0461729240648,62.0376492008902,21.536520716544,0.314709347996858,Y,
249,KCl (CRRT),mEq.,1407,51105,9.47293346859649,13.0352241314537,3.28206334974528,10.4496329793155,197.100792486058,111.559665183864,0.0276315789473684,Y,
250,KCl (CRRT),ml/hr,1,1,20.0000028312206,,100.000014156103,,12,,1.96386488609584E-05,Y,
251,Keflex,dose,73,169,1,0,60,0,1,0,0.00143362136684996,N,
252,Keflex,mg,4,10,500,0,30000,0,1,0,7.85545954438335E-05,N,
253,Ketamine,mg,260,3101,139.2741236398,292.169102611491,53.2730797912203,116.308191246858,208.93485972267,214.055718433508,0.00510604870384918,N,
254,Ketorolac (Toradol),mg,1903,4962,16.7558450844546,4.96477138394515,1005.35070506727,297.886283036709,1,0,0.0373723487824038,N,
255,LR,L,2,2,1,0,60,0,1,0,3.92772977219167E-05,Y,"What range of volumes here? I think it refers to Lactated Ringer's, which is an IV fluid, but I'm not certain!"
256,LR,ml,22626,107674,653.744208465573,369.062621451167,19487.1253452111,24263.7765866062,211.30825454613,418.585155334526,0.444344069128044,Y,"What range of volumes here? I think it refers to Lactated Ringer's, which is an IV fluid, but I'm not certain!"
257,Labetalol,dose,1,1,1.00000002980232,,1.81818187236786,,33,,1.96386488609584E-05,N,
258,Labetalol,mg,3626,22993,56.8625652487107,135.022172963428,490.192713165581,493.436655514554,30.077327882399,79.0173289792256,0.071209740769835,N,
259,Lansoprazole (Prevacid),dose,1302,3396,0.999705535924617,0.0171599555763645,59.982332155477,1.02959733458187,1,0,0.0255695208169678,N,
260,Lansoprazole (Prevacid),mg,6,6,30.0000011920929,0,1800.00007152557,0,1,0,0.00011783189316575,N,
261,Lepirudin,mg,5,15,25.4040937496029,32.9426887963806,2.96667674047058,1.66047273286755,457.266666666667,521.644168083223,9.81932443047918E-05,N,
262,Levetiracetam (Keppra),dose,42,51,40.1764691217127,279.9187965322,51.8051208621439,279.134962067184,22.7843137254902,14.2454395867452,0.000824823252160251,N,
263,Levetiracetam (Keppra),grams,7,8,1.37500004563481,0.517549189301115,33.5000001825392,42.7584576771781,9.75,7.24568837309472,0.000137470542026709,N,
264,Levetiracetam (Keppra),mg,3323,15617,911.808683172872,485.086936894539,33537.4907756474,33981.8666294217,10.0303515399885,52.2120921083573,0.0652592301649647,N,
265,Levofloxacin,dose,2418,5490,1.45464480874317,17.8242120031164,87.2786885245901,1069.45272018699,1,0,0.0474862529457973,N,
266,Levofloxacin,grams,1,1,750,,45000,,1,,1.96386488609584E-05,N,
267,Levofloxacin,mg,94,110,667.727317051454,151.685714908053,40063.6390230872,9101.14289448316,1,0,0.00184603299293009,N,
268,Lidocaine,mg,374,1462,613.62774093704,669.469578566057,1492.74289045454,2480.95718975914,461.395348837209,588.021811307909,0.00734485467399843,N,
269,Linezolid,dose,895,6689,1,0,60,0,1,0,0.0175765907305577,N,
270,Linezolid,mg,50,113,592.035421755462,48.442886041108,35522.1253053277,2906.57316246648,1,0,0.000981932443047918,N,
271,Lipids (additive),grams,363,2077,33.0743110895695,18.3036266896105,1.88382071781835,0.821076010608986,1073.40250361098,512.211285991064,0.00712882953652789,N,
272,Lipids 10%,ml,1,1,999.999986290932,,41.6088759899139,,1442,,1.96386488609584E-05,N,
273,Lipids 20%,ml,36,108,264.377778979087,214.865710277161,346.656788984935,601.645001065999,443.759259259259,336.019494048715,0.000706991358994501,N,
274,Lorazepam (Ativan),mg,7941,37331,1.15537520700092,1.8878137061269,64.0246693213666,47.8784019849535,2.99657121427232,45.3428341725427,0.15595051060487,N,
275,Magnesium Sulfate,dose,1,2,2.00000010430813,0,2.00000010430813,0,60,0,1.96386488609584E-05,N,I'm not sure how to unify the grams and mls here
276,Magnesium Sulfate,grams,26401,72355,2.14752349743827,2.44924956154551,2.11585144662378,2.44052029062359,62.6920046990533,28.5334844182185,0.518479968578162,N,I'm not sure how to unify the grams and mls here
277,Magnesium Sulfate,mg,1,1,40.0000030640513,,40.0000030640513,,60,,1.96386488609584E-05,N,I'm not sure how to unify the grams and mls here
278,Magnesium Sulfate (Bolus),ml,21356,51767,52.0291046687423,10.8302250849991,51.3548124157816,14.1436313952193,61.757876639558,13.540367816118,0.419402985074627,N,I'm not sure how to unify the grams and mls here
279,Magnesium Sulfate (OB-GYN),grams,60,118,10.984314316418,7.70452996081785,3.83323056954827,16.2700201495899,359.686440677966,288.115827229334,0.0011783189316575,N,I'm not sure how to unify the grams and mls here
280,Mannitol,grams,516,2046,44.852967608822,42.99226102166,236.746654627347,1109.80637316952,44.9936461388074,60.4862970899014,0.0101335428122545,N,
281,Mannitol,mg,1,3,12.5000003026798,0,12.5000003026798,0,60,0,1.96386488609584E-05,N,
282,Meperidine (Demerol),mg,893,1587,15.7720229230694,8.38446596465809,946.321375384163,503.067957879486,1,0,0.0175373134328358,N,
283,Meropenem,dose,2956,36940,1.09731997834326,7.80883211685025,65.8391987005956,468.529927011017,1,0,0.0580518460329929,N,
284,Meropenem,grams,69,159,26.2264150943396,156.925279507349,1573.58490566038,9415.51677044092,1,0,0.00135506677140613,N,
285,Meropenem,mg,213,994,610.663983997115,353.050241565091,36639.8390398269,21183.0144939055,1,0,0.00418303220738413,N,
286,Methadone Hydrochloride,mg,195,1870,19.4678621402494,19.9033757590104,1047.15092967792,742.031963356875,7.11871657754011,76.9578332804457,0.00382953652788688,N,
287,Metoprolol,mcg,1,1,4.99999987368938,,299.999992421362,,1,,1.96386488609584E-05,N,
288,Metoprolol,mg,9936,58912,5.69838950373643,3.39902990328969,341.903370224186,203.941794197381,1,0,0.195129615082482,N,
289,Metronidazole,dose,6774,55305,1.08771358828316,7.63004273256782,65.2628152969894,457.802563954074,1,0,0.133032207384132,N,
290,Metronidazole,grams,1,1,2,,120,,1,,1.96386488609584E-05,N,
291,Metronidazole,mcg,1,1,500.000023748726,,30000.0014249235,,1,,1.96386488609584E-05,N,
292,Metronidazole,mg,320,1274,498.391679754123,53.091433872341,29903.5007852474,3185.48603234046,1,0,0.00628436763550668,N,
293,Micafungin,dose,947,4573,1,0,60,0,1,0,0.0185978004713276,N,
294,Micafungin,mcg,1,1,0.999999997475243,,59.9999998485145,,1,,1.96386488609584E-05,N,
295,Micafungin,mg,54,92,95.7717405639731,16.9861634713292,5746.30443383838,1019.16980827975,1,0,0.00106048703849175,N,
296,Midazolam (Versed),mg,9178,107299,13.2622911491498,32.1044604160751,47.9274765514708,76.217548906277,171.681376340879,378.918015027011,0.180243519245876,N,
297,Mighty Shake (Chocolate),ml,4,10,167,110.559184753386,10020,6633.55108520316,1,0,7.85545954438335E-05,M,Oral
298,Mighty Shake (Vanilla/Strawberry),ml,10,19,200,86.9865890046659,12000,5219.19534027995,1,0,0.000196386488609584,M,Oral
299,Mighty Shake (no sugar added),ml,10,20,206,70.7218420812723,12360,4243.31052487634,1,0,0.000196386488609584,M,Oral
300,Milrinone,mg,1009,9507,12.4426089584422,7.38830445613095,2.26540026186057,12.7819042215447,467.75754707058,348.793150309339,0.019815396700707,N,
301,Morphine Sulfate,mg,12858,72038,3.86563941324322,10.7401151545993,133.890929419999,94.7710982927119,16.6180488075738,100.342152944978,0.252513747054203,N,
302,Moxifloxacin,dose,7,22,1,0,60,0,1,0,0.000137470542026709,N,
303,Moxifloxacin,mg,1,1,1500.00011920929,,90000.0071525574,,1,,1.96386488609584E-05,N,
304,Multivitamins,ml,932,1575,13.3239710959661,48.7253948940327,2.54674402642773,10.4827211872003,413.165079365079,237.388616400507,0.0183032207384132,N,
305,Multivitamins,mm^3,1,1,0.968750010770236,,0.125000001389708,,465,,1.96386488609584E-05,N,
306,Mycophenolate mofetil (Cellcept),mg,12,50,895.00004791189,257.984749476507,456.137955095619,167.497529324677,119.9,10.2265161542463,0.0002356637863315,N,
307,Na Phos,mmol,3370,6087,21.4425199880005,23.5333044939817,4.38980706507357,7.22810729650929,313.142270412354,101.491087362242,0.0661822466614297,Y,Could be 'N' here as very small volumnes
308,NaCl 0.45%,ml,2626,9951,463.068121235373,392.476354970454,2430.66729179981,9043.09985274459,310.279268415235,447.718943931439,0.0515710919088767,Y,
309,NaCl 0.9%,L,4,4,1.5,0.577350269189626,90,34.6410161513775,1,0,7.85545954438335E-05,Y,
310,NaCl 0.9%,ml,44381,1246088,130.492813655673,241.814418647385,2435.94076082998,9078.85045320933,239.005824628758,588.945473925496,0.871582875098193,Y,
311,NaCl 23.4%,ml,191,309,57.9538198696709,31.7010948265439,680.962614016336,1200.36149053753,12.5695792880259,35.8850868911594,0.00375098193244305,Y,
312,NaCl 3% (Hypertonic Saline),ml,1134,8473,235.809086475242,180.710788599828,248.824630902765,1495.31632030218,385.286085211849,326.361333980377,0.0222702278083268,Y,
313,Nafcillin,dose,547,11154,1,0,60,0,1,0,0.0107423409269442,N,
314,Nafcillin,grams,31,344,1.95058139534884,0.217056130108948,117.03488372093,13.0233678065369,1,0,0.000608798114689709,N,
315,Nafcillin,mcg,1,2,0.999999997475243,0,59.9999998485145,0,1,0,1.96386488609584E-05,N,
316,Nafcillin,mg,2,8,38.1250005884795,51.2373685277959,2287.50003530877,3074.24211166775,1,0,3.92772977219167E-05,N,
317,Naloxone (Narcan),dose,2,2,1,0,60,0,1,0,3.92772977219167E-05,N,
318,Naloxone (Narcan),mcg,14,26,28.9230761952607,17.1471814339789,1735.38457171564,1028.83088603873,1,0,0.000274941084053417,N,
319,Naloxone (Narcan),mg,263,656,0.803154395993362,0.780779459678269,10.7525789615615,28.8677884442407,127.076219512195,185.875802699127,0.00516496465043205,N,
320,Neostigmine (Prostigmin),mg,1990,2016,3.10659727764442,6.27068902008508,186.395836658665,376.241341205104,1,0,0.0390809112333071,N,
321,Nepro (1/2),ml,3,12,502.842407909532,380.60465953526,74.2866382747889,35.8125987348236,388.916666666667,215.495816594422,5.89159465828751E-05,M,Oral
322,Nepro (Full),ml,1274,16583,323.424654772692,285.100172378558,51.3770620038965,248.621249234238,484.902490502322,385.682517338896,0.025019638648861,M,Oral
323,Nesiritide,mg,18,57,0.673433091648939,0.464577995827569,0.0898413058717109,0.067683934801171,575.298245614035,484.771115539234,0.000353495679497251,N,
324,Nicardipine,mg,2805,37155,12.6250615359795,19.4666849668639,7.89535606375031,32.1913435337405,101.209204683084,131.463785467661,0.0550864100549882,N,
325,Nicardipine 40mg/200,mg,757,10355,9.28415226084347,11.1390379786765,6.91593693233975,5.59204595424131,89.2695316272332,110.891913546379,0.0148664571877455,N,
326,Nitroglycerin,mg,7277,76029,8.10203440069318,15.8800107097427,6.50906801202798,24.0877874194019,79.7604466716648,146.322672764116,0.142910447761194,N,
327,Nitroprusside,mg,562,7371,9.16425161394585,15.7468812016281,6.76613853378817,35.7364523102259,94.0124813458147,140.744139253789,0.0110369206598586,N,
328,Norepinephrine,mg,10577,332191,1.16653160570662,2.03481276825605,0.768050705095036,4.39216817888891,104.488842262433,143.694357773663,0.207717989002357,Y,Vasodilator dose/rate important
329,NovaSource Renal (1/2),ml,15,130,334.842961873802,283.076342039789,43.1964456232694,20.7623070167038,469.861538461539,339.369496417091,0.000294579732914376,M,Oral
330,NovaSource Renal (3/4),ml,7,59,517.931522533045,482.486911940543,57.8536357162362,32.9648341612808,579.677966101695,633.508442114448,0.000137470542026709,M,Oral
331,NovaSource Renal (Full),ml,290,4222,292.650732061034,268.275478578982,45.4590383625255,180.626581359761,505.89009947892,418.982653144099,0.00569520816967793,M,Oral
332,Nutren 2.0 (1/2),ml,7,45,242.513971205552,182.084778687936,37.3235946893692,18.7304361988994,398.933333333333,260.130858677635,0.000137470542026709,M,Oral
333,Nutren 2.0 (1/4),ml,6,29,321.733976980222,284.047523460547,38.0243765177398,30.7752886911861,547.034482758621,454.735282708414,0.00011783189316575,M,Oral
334,Nutren 2.0 (2/3),ml,3,17,162.096633713035,130.088094270448,43.6531444156871,18.5276239453691,230.882352941176,148.441858295151,5.89159465828751E-05,M,Oral
335,Nutren 2.0 (3/4),ml,8,82,664.559334447835,543.136524697017,45.5933873900553,11.2227696910257,840.378048780488,616.977031812206,0.000157109190887667,M,Oral
336,Nutren 2.0 (Full),ml,338,3766,299.361238087088,261.52937474645,34.1989988701609,31.4873591013218,543.108072225173,418.507815661962,0.00663786331500393,M,Oral
337,Nutren Pulmonary (1/2),ml,6,43,422.909220777972,537.888444912844,81.1997851244239,203.156608941112,436.93023255814,327.65322808383,0.00011783189316575,M,Oral
338,Nutren Pulmonary (3/4),ml,2,13,312.608595822866,192.625615564732,64.5327388781768,17.8146802985434,282.615384615385,139.645108794603,3.92772977219167E-05,M,Oral
339,Nutren Pulmonary (Full),ml,438,5693,317.07082338796,346.399268936626,44.0444261378704,75.702882633723,463.484103284736,391.038226912822,0.00860172820109976,M,Oral
340,Nutren Renal (1/2),ml,7,80,294.651351472363,326.220415193429,57.0657357797027,28.9052179987245,332.95,330.914953317486,0.000137470542026709,M,Oral
341,Nutren Renal (1/4),ml,1,3,505.056406666835,403.761663999115,30.0030213594437,8.66287019376193,907,630.342763899135,1.96386488609584E-05,M,Oral
342,Nutren Renal (3/4),ml,3,61,567.3896658103,865.611315385023,42.8105882787314,17.4974989751581,738.114754098361,1159.76836909159,5.89159465828751E-05,M,Oral
343,Nutren Renal (Full),ml,128,1718,312.67075445166,306.268406590295,35.8700286341577,51.7540512896736,549.203725261933,461.553824429777,0.00251374705420267,M,Oral
344,OR Autologous Blood Intake,ml,203,203,667.793103448276,532.967060590966,40067.5862068966,31978.0236354579,1,0,0.00398664571877455,Y,
345,OR Cell Saver Intake,ml,6582,6732,528.169934640523,499.505490060242,31690.1960784314,29970.3294036145,1,0,0.129261586802828,Y,
346,OR Colloid Intake,ml,1887,2028,973.609960552268,1300.27320275967,58416.5976331361,78016.3921655804,1,0,0.0370581304006284,Y,
347,OR Cryoprecipitate Intake,ml,541,572,313.393356643357,360.095328142194,18803.6013986014,21605.7196885316,1,0,0.0106245090337785,Y,
348,OR Crystalloid Intake,L,10,10,4.6,2.75680975041804,276,165.408585025083,1,0,0.000196386488609584,Y,
349,OR Crystalloid Intake,ml,15872,20236,2263.68195295513,1552.51017118433,135820.917177308,93150.6102710597,1,0,0.311704634721131,Y,
350,OR FFP Intake,L,1,2,3,2.82842712474619,180,169.705627484771,1,0,1.96386488609584E-05,Y,
351,OR FFP Intake,ml,2163,2442,1095.52375102375,1565.71580382193,65731.425061425,93942.9482293157,1,0,0.042478397486253,Y,
352,OR FFP Intake,uL,1,1,2.0000000949949,,120.000005699694,,1,,1.96386488609584E-05,Y,
353,OR Packed RBC Intake,ml,4336,5004,1072.24220623501,1470.47869645608,64334.5323741007,88228.7217873649,1,0,0.0851531814611155,Y,
354,OR Packed RBC Intake,uL,1,1,2.0000000949949,,120.000005699694,,1,,1.96386488609584E-05,Y,
355,OR Platelet Intake,ml,1914,2155,460.009744779582,404.402667580955,27600.5846867749,24264.1600548573,1,0,0.0375883739198743,Y,
356,Octreotide,mcg,748,4296,423.92405326068,139.4476213509,51.8085478570656,36.8456977015782,510.671322160149,189.0065233501,0.0146897093479969,N,
357,Octreotide,mg,403,1802,0.496813314496729,0.17471440272202,0.0514330007112509,0.0229818780864017,598.750277469478,223.610867114391,0.00791437549096622,N,
358,Omeprazole (Prilosec),dose,2128,3448,1.00377030162413,0.0658588703021248,60.2262180974478,3.95153221812748,1,0,0.0417910447761194,N,
359,Omeprazole (Prilosec),mg,12,16,32.5000023003668,10.0000007078052,1950.00013802201,600.000042468309,1,0,0.0002356637863315,N,
360,Ondansetron (Zofran),grams,1,1,4,,240,,1,,1.96386488609584E-05,N,
361,Ondansetron (Zofran),mg,1757,3123,4.15337836060326,1.28405343698649,249.202701636195,77.0432062191892,1,0,0.0345051060487038,N,
362,Optisource,ounces,1,1,4.00000005382289,,240.000003229373,,1,,1.96386488609584E-05,N,
363,Osmolite 1.5 (Full),ml,854,10973,325.462485144815,286.661259092305,50.6193116017329,73.3848932604239,420.114827303381,321.502306770863,0.0167714061272584,M,Oral
364,PACU Colloid Intake,ml,233,239,1031.64435146444,1474.45876520627,61898.6610878661,88467.525912376,1,0,0.0045758051846033,Y,
365,PACU Crystalloid Intake,L,1,1,5,,300,,1,,1.96386488609584E-05,Y,
366,PACU Crystalloid Intake,ml,2126,2250,1898.77555555556,1515.71626917796,113926.533333333,90942.9761506777,1,0,0.0417517674783975,Y,
367,PACU FFP Intake,ml,38,38,494.815789473684,327.514378084478,29688.947368421,19650.8626850687,1,0,0.000746268656716418,Y,
368,PACU PO Intake,ml,121,131,653.251908396947,1668.09993402679,39195.1145038168,100085.996041607,1,0,0.00237627651217596,Y,
369,PACU Packed RBC Intake,ml,173,175,600.005714285714,480.179558095861,36000.3428571428,28810.7734857516,1,0,0.0033974862529458,Y,
370,PACU Platelet Intake,ml,22,23,318.434782608696,132.729330213085,19106.0869565217,7963.75981278511,1,0,0.000432050274941084,Y,
371,PO Intake,L,1,2,1,0,60,0,1,0,1.96386488609584E-05,Y,
372,PO Intake,ml,39087,427639,187.797359455054,141.045373834314,11267.8415673033,8462.72243005875,1,0,0.76761586802828,Y,
373,PO Intake,pL,1,1,119.99999571799,,7199.99974307939,,1,,1.96386488609584E-05,Y,
374,Packed Red Blood Cells,ml,12944,52424,325.409291659967,97.5568179678838,379.534453392385,1019.49491158118,83.9323019990844,58.1268676769036,0.254202670856245,Y,
375,Pamidronate,mg,9,10,58.0000024288893,23.4757565250512,3480.00014573336,1408.54539150307,1,0,0.000176747839748625,N,
376,Pantoprazole (Protonix),dose,11501,49614,1.00542185673399,0.353379939077419,60.3253114040392,21.2027963446451,1,0,0.225864100549882,N,
377,Pantoprazole (Protonix),mcg,2,2,39.999998989515,0,2399.9999393709,0,1,0,3.92772977219167E-05,N,
378,Pantoprazole (Protonix),mg,2156,8090,64.9108299395254,23.2726518938415,193.23333478189,709.592058514799,457.75129789864,210.135389428794,0.0423409269442262,N,
379,Penicillin G potassium,dose,118,1826,1,0,60,0,1,0,0.00231736056559309,N,
380,Penicillin G potassium,mg,1,1,250,,15000,,1,,1.96386488609584E-05,N,
381,Pentobarbital,mg,65,768,1106.42807649949,1073.1793010365,273.226292523532,566.94121880822,403.483072916667,490.043440295577,0.00127651217596229,N,
382,Peptamen 1.5 (1/2),ml,4,35,417.051166651079,278.567316982785,42.6596320867539,30.5790293951237,805.542857142857,545.812203367182,7.85545954438335E-05,M,Oral
383,Peptamen 1.5 (1/4),ml,2,17,309.613141941674,186.833882119158,50.8136457555434,14.4746481973883,358.294117647059,174.760108686838,3.92772977219167E-05,M,Oral
384,Peptamen 1.5 (3/4),ml,2,60,437.936932209134,150.077977684075,53.1929085850716,8.434999480423,490.583333333333,157.6107941398,3.92772977219167E-05,M,Oral
385,Peptamen 1.5 (Full),ml,161,2196,315.80489916502,336.188566626784,42.0640272191151,33.2090673599564,444.822404371585,363.971685760584,0.0031618224666143,M,Oral
386,Peptamen Bariatric (Full),ml,207,2669,381.869367573869,357.139483648454,50.7833149796648,47.0037367618336,460.236418134133,391.742962487177,0.00406520031421838,M,Oral
387,Peripheral Parenteral Nutrition,ml,154,363,921.620887731964,581.390053718737,75.4485567345107,334.974018021048,950.661157024793,509.9935253687,0.00302435192458759,Y,Including parenteral nutrition as rate likely to be important
388,Phenylephrine,mg,12113,190916,9.40159899080637,20.7737819146874,6.74380345140653,29.0082885573082,88.0288503844623,125.800542164299,0.237882953652789,Y,Vasodilator dose/rate important
389,Phenylephrine (200/250),mg,216,7088,19.6385604670284,37.0332477780871,11.7333935937322,32.3581034896978,98.9085778781038,150.804987698439,0.00424194815396701,Y,Vasodilator dose/rate important
390,Phenylephrine (50/250),mg,1986,33528,6.18242091843395,10.0468619952346,5.67210605598789,12.7246630516789,75.9325936530661,104.908639493177,0.0390023566378633,Y,Vasodilator dose/rate important
391,Piggyback,ml,18933,93700,102.8427931854,95.2816264821252,128.381234794112,179.421240559729,70.5800960512273,106.993096327312,0.371818538884525,E,I think this refers to a method of administration and could exclude
392,Piperacillin,dose,2843,10823,1.00009239582371,0.0166494608525469,60.0055437494225,0.998967651152818,1,0,0.0558326787117046,N,
393,Piperacillin,grams,8,18,3.77777777777778,0.646761666763555,226.666666666667,38.8057000058133,1,0,0.000157109190887667,N,
394,Piperacillin,mg,6,14,3536.57142861214,1914.46564998303,212194.285716728,114867.938998982,1,0,0.00011783189316575,N,
395,Piperacillin/Tazobactam (Zosyn),dose,7132,60267,1.0265319328986,6.513416453066,61.5919159739161,390.804987183962,1,0,0.140062843676355,N,
396,Piperacillin/Tazobactam (Zosyn),grams,30,92,2.77173913043478,1.02820937780485,166.304347826087,61.6925626682907,1,0,0.000589159465828751,N,
397,Piperacillin/Tazobactam (Zosyn),mg,23,76,3564.65789521615,1499.73026409306,213879.473712969,89983.8158455838,1,0,0.000451688923802042,N,
398,Plasma Pheresis,ml,76,120,335.216677845518,424.743041294408,663.760119259358,1892.77201879525,52.6833333333333,42.2071687991414,0.00149253731343284,Y,"Unsure about this one, but probably a 'yes' as filtration will be rate dependent"
399,Platelets,ml,3512,10729,257.879002620593,79.6935241591323,382.737382897226,376.371613956178,50.4973436480567,19.958635856562,0.0689709347996858,Y,
400,Potassium Chloride,mEq,23671,174715,18.8644333993944,49.6188601659953,16.6643297263191,16.2105312130032,107.540531723092,167.936836921275,0.464866457187746,Y,
401,Potassium Chloride,nMol/ml/min,1,1,29.5679996013641,,5.03999993205071,,352,,1.96386488609584E-05,Y,
402,Pre-Admission/Non-ICU Intake,L,27,28,3.17857142857143,1.51666230594175,190.714285714286,90.9997383565051,1,0,0.000530243519245876,E,Unsure what these mean - could exclude
403,Pre-Admission/Non-ICU Intake,ml,12440,15126,2280.53332011107,2134.95842612987,136831.999206664,128097.505567792,1,0,0.244304791830322,E,Unsure what these mean - could exclude
404,ProBalance (Full),ml,36,382,350.39838625951,355.138541587379,44.5450697519392,27.7742251667945,459.248691099476,368.127707265495,0.000706991358994501,M,Oral
405,Procainamide,mg,24,165,823.227874042509,418.180068482029,336.975705270147,518.461170500611,259.533333333333,210.889247703025,0.000471327572663001,N,
406,Profilnine,units,7,7,2215.71430751256,381.394685328917,3658.5714503697,3749.58853923494,52.8571428571429,18.8982236504614,0.000137470542026709,N,
407,Promote (Full),ml,817,10209,322.251065527786,309.294736417941,53.9289983454627,173.648775348395,378.481829758057,310.417027692503,0.016044776119403,M,Oral
408,Promote with Fiber (Full),L,1,3,0.658000017881393,0.467725366370385,0.0600601816177368,0.000104237619601852,657,466.630474787063,1.96386488609584E-05,M,Oral
409,Promote with Fiber (Full),ml,1079,11990,419.832801448982,367.366897167867,56.4208828066355,281.286701204793,456.645120934112,345.344274642216,0.0211901021209741,M,Oral
410,Propofol,mcg,54,260,14.2019227321446,13.8964242718911,852.115363928673,833.785456313463,1,0,0.00106048703849175,N,
411,Propofol,mg,21523,396802,320.979102965181,356.126812027259,335.433585852767,604.090940308092,114.450446318315,150.315144664241,0.422682639434407,N,
412,Protamine sulfate,mg,384,452,42.7046466996869,15.1342713692485,2562.27880198121,908.056282154908,1,0,0.00754124116260801,N,
413,Pulmocare (1/2),ml,1,2,890.683367609978,147.101796031816,80.0013434886932,0.00189660818299023,668,110.308657865101,1.96386488609584E-05,M,Oral
414,Pulmocare (1/4),ml,1,1,49.6666681468487,,10.0000002980232,,298,,1.96386488609584E-05,M,Oral
415,Pulmocare (Full),ml,183,2284,322.968891246818,297.316319492907,49.8974590584385,139.161960563769,449.839316987741,370.392274699349,0.00359387274155538,M,Oral
416,Pyrazinamide,dose,4,14,1,0,60,0,1,0,7.85545954438335E-05,N,
417,Quinine,dose,8,20,1,0,60,0,1,0,0.000157109190887667,N,
418,Ranitidine,mg,6,45,17.04657805187,12.6417205360273,1.00187462279185,0.53749764621248,1037.95555555556,518.158362751089,0.00011783189316575,N,
419,Ranitidine (Prophylaxis),dose,3355,6226,1.00032123353678,0.0179215494028901,60.0192740122069,1.07529296417341,1,0,0.0658876669285153,N,
420,Ranitidine (Prophylaxis),mg,22,28,150.714291725308,62.9184429824043,9042.85750351846,3775.10657894426,1,0,0.000432050274941084,N,
421,Replete (1/2),ml,18,130,222.685798102159,202.548333239673,40.5482802024254,45.3427049028041,438.769230769231,596.4278488559,0.000353495679497251,M,Oral
422,Replete (1/4),ml,3,14,135.896225960127,91.3322379867107,22.7090157355581,8.11051692153189,420.071428571429,377.360562997108,5.89159465828751E-05,M,Oral
423,Replete (2/3),ml,4,38,189.081523871736,159.55684815042,48.6353857266276,23.4317104154009,240.447368421053,170.516971869636,7.85545954438335E-05,M,Oral
424,Replete (3/4),ml,16,150,368.791525819103,360.254273903369,66.4903418958187,25.6182581777351,326.026666666667,255.874233648467,0.000314218381775334,M,Oral
425,Replete (Full),ml,347,3038,333.298073313845,351.389718657664,54.0257665870308,67.3873628453734,389.986833443055,344.893298543319,0.00681461115475255,M,Oral
426,Replete with Fiber (1/2),ml,36,199,294.65978916566,254.716733967611,50.128048450204,56.958823671137,455.603015075377,444.530564095548,0.000706991358994501,M,Oral
427,Replete with Fiber (1/4),ml,10,59,293.18324386038,253.188081386574,42.6141762632435,16.8993454766749,396.898305084746,294.771138279505,0.000196386488609584,M,Oral
428,Replete with Fiber (2/3),ml,3,26,231.34212097239,169.837386241606,45.5996814140907,21.475259907907,323.538461538462,191.920239843375,5.89159465828751E-05,M,Oral
429,Replete with Fiber (3/4),ml,19,172,306.300141525217,256.840600845965,80.0200781728639,294.599615614602,323.06976744186,264.904784425728,0.000373134328358209,M,Oral
430,Replete with Fiber (Full),ml,1593,19811,379.950373574121,390.177725956166,55.6601900573387,99.9799396657302,420.570844480339,342.937224570256,0.0312843676355067,M,Oral
431,Resource Fruit Beverage,ml,2,4,235,5.77350269189625,14100,346.410161513774,1,0,3.92772977219167E-05,M,Oral
432,Rifampin,dose,81,400,1,0,60,0,1,0,0.00159073055773763,N,
433,Rifampin,mg,2,2,600.000023841858,0,36000.0014305115,0,1,0,3.92772977219167E-05,N,
434,Rocuronium,mg,790,2427,140.934374956302,119.901129894031,1540.84445399546,2362.70700697097,160.490729295426,187.24626859735,0.0155145326001571,N,
435,Sodium Acetate.,mEq,2,17,103.898550121552,94.4883504062218,43.8405563419356,120.88932041493,349.294117647059,291.140164848884,3.92772977219167E-05,Y,
436,Sodium Bicarbonate 8.4%,/hour,1,4,2.49027165258303,1.84339599306889,0.938221178948879,0.238607024502293,181.25,154.935201509104,1.96386488609584E-05,Y,
437,Sodium Bicarbonate 8.4%,mEq,2947,8393,102.594551728915,142.561307373337,40.4131562985422,91.3497162372117,266.130108423686,216.304094145574,0.0578750981932443,Y,
438,Sodium Bicarbonate 8.4% (Amp),ml,2066,4984,60.5607945425361,33.6265020098425,3633.64767255217,2017.59012059055,1,0,0.04057344854674,Y,
439,Solution,ml,31366,559181,36.5570848014898,39.733342477955,382.03327578478,1283.50187740161,160.683880532422,276.281103969337,0.61598586017282,Y,
440,Sterile Water,ml,7035,71014,73.4733825872749,79.0565484228576,59.7309955635454,957.217460861155,170.870335426817,143.824432926517,0.138157894736842,Y,
441,TPN w/ Lipids,ml,879,6807,1272.19390941891,700.18828399113,80.1458138015996,162.898773997095,1004.74746584398,523.545507250775,0.0172623723487824,Y,
442,TPN without Lipids,ml,1023,4393,963.814267170536,618.351900052171,68.418682320266,325.010331385518,974.786706123378,531.261148847686,0.0200903377847604,Y,
443,Tamiflu,dose,107,169,1,0,60,0,1,0,0.00210133542812255,N,
444,Tamiflu,mg,3,7,139.285719820431,28.3473366021139,8357.14318922588,1700.84019612684,1,0,5.89159465828751E-05,N,
445,Thiamine,dose,13,30,1.00000004470348,1.36963282525916E-08,2.88571440987289,1.68818394719138,30.4666666666667,23.4560974108466,0.000255302435192459,N,
446,Thiamine,grams,1,1,2.00000010430813,,4.00000020861626,,30,,1.96386488609584E-05,N,
447,Thiamine,mg,3531,10817,289.386171026488,199.359093069567,399.030581175947,359.224343998122,100.126375150226,158.675328453876,0.069344069128044,N,
448,Tigecycline,dose,44,351,1,0,60,0,1,0,0.000864100549882168,N,
449,Tigecycline,mg,5,8,62.5000009313226,23.1455028392086,3750.00005587935,1388.73017035252,1,0,9.81932443047918E-05,N,
450,Tirofiban (Aggrastat),mg,142,186,4.09587998393774,3.74206881659574,0.928935806226242,1.96614566313198,322.112903225806,279.383110296763,0.00278868813825609,N,
451,Tobramycin,dose,587,1622,1.1652281134402,4.70720232969984,69.9136868064118,282.432139781991,1,0,0.0115278868813826,N,
452,Tobramycin,mg,20,22,391.818195242773,190.903531506944,23509.0917145664,11454.2118904166,1,0,0.000392772977219167,N,
453,Treprostinil (Remodulin),mcg,1,2,2261.10499261267,1040.71258215109,108.021606592956,0.0305605810735731,1256,578.413347010596,1.96386488609584E-05,N,
454,Treprostinil (Remodulin),mg,9,133,1.58633497692302,3.00457302675192,0.142543067460409,0.145993027763436,791.285714285714,1137.31743504263,0.000176747839748625,N,
455,Two Cal HN (1/2),ml,2,14,403.408875137568,396.343732216882,59.7129857540131,20.6172220117024,349.428571428571,256.805437962347,3.92772977219167E-05,M,Oral
456,Two Cal HN (Full),ml,388,4924,298.976099863532,252.374631979728,42.9582665502574,166.38549795143,500.084890333063,386.586673131851,0.00761979575805185,M,Oral
457,Valgancyclovir,dose,58,91,1,0,60,0,1,0,0.00113904163393559,N,
458,Vancomycin,dose,21071,118443,2.08099085636139,36.6389478797972,124.859451381683,2198.33687278786,1,0,0.413805970149254,N,
459,Vancomycin,grams,569,918,36.9753812637204,221.821922603353,2218.52287582323,13309.3153562012,1,0,0.0111743912018853,N,
460,Vancomycin,mcg,2,2,625.000015133992,176.776683113563,37500.0009080395,10606.6009868138,1,0,3.92772977219167E-05,N,
461,Vancomycin,mg,1395,2965,1101.55566121804,393.302952638456,66093.3396730825,23598.1771583073,1,0,0.0273959151610369,N,
462,Vanilla Lactose Free Scandi Shake (mixed),ml,1,2,120,169.705627484771,7200,10182.3376490863,1,0,1.96386488609584E-05,M,Oral
463,Vasopressin,units,3678,24669,19.0008366749276,19.9246689228865,2.48247885011312,16.4248315012841,483.36377639953,488.670575777671,0.0722309505106049,Y,Rate important here
464,Vecuronium,mg,451,722,13.4489552909099,17.0804500395372,487.65516678757,715.213306685492,69.4182825484765,198.947255949984,0.00885703063629222,N,
465,Verapamil,mg,38,103,13.9679620065048,26.0630816432781,838.077720390289,1563.78489859668,1,0,0.000746268656716418,N,
466,Vital 1.5 (Full),ml,287,3761,313.699472768223,293.494475885027,48.1012619886428,98.2587599189696,429.413719755384,356.302647566338,0.00563629222309505,M,Oral
467,Vital High Protein (Full),ml,773,10129,367.191810821793,346.590829212534,48.9345760314168,39.0191966934259,450.418994964952,369.70174560787,0.0151806755695208,M,Oral
468,Vitamin K (Phytonadione),mcg,1,1,500.000005558832,,2000.00002223533,,15,,1.96386488609584E-05,N,
469,Vitamin K (Phytonadione),mg,1607,2293,9.12390304081602,22.52258976482,14.3315235548145,25.7817916638881,47.4505015263846,71.7334897846573,0.0315593087195601,N,
470,Vivonex (1/2),ml,4,26,256.906453133202,244.112766876089,49.7122285572382,31.3648208246014,343.384615384615,270.895415527554,7.85545954438335E-05,M,Oral
471,Vivonex (3/4),ml,1,3,534.583338499069,111.146960584215,76.2582063674927,2.17927735490399,420,82.9397371589759,1.96386488609584E-05,M,Oral
472,Vivonex (Full),ml,158,2104,293.034487665287,313.231863162614,52.1629552633374,43.3025935019687,375.526615969582,322.879275264595,0.00310290652003142,M,Oral
473,Voriconazole,dose,221,1686,1.0005931198102,0.0243540512071742,60.0355871886121,1.46124307243045,1,0,0.0043401413982718,N,
474,Voriconazole,mg,15,25,296.200009584427,87.8360262108653,17772.0005750656,5270.16157265191,1,0,0.000294579732914376,N,
