,label,amountuom,n_subjects,n,mean_amount,std_amount,mean_amount_per_hour,std_amount_per_hour,mean_interval_minutes,std_interval_minutes
0,ACD-A Citrate (1000ml),ml,1331,30619,871.4767727909749,267.588827251042,188.30905298599458,55.51351581172518,288.59992161729645,110.15956856045105
1,ACD-A Citrate (500ml),ml,32,585,631.2505674268446,271.4699054938354,181.06529387449606,64.39416892417198,214.5008547008547,89.98156441293813
2,Abciximab (Reopro),mg,7,7,5.043946546460835,2.5189408790169985,0.6814470205946626,0.1179990476243772,470.14285714285717,272.3315556274671
3,Acetaminophen-IV,dose,6,6,1.0,0.0,59.99999999999998,0.0,1.0000000000000002,0.0
4,Acetaminophen-IV,grams,22,41,1.0,0.0,59.999999999999986,0.0,1.0000000000000002,0.0
5,Acetaminophen-IV,mg,14869,64828,985.4314773636955,100.3510091563977,36702.749037037116,27503.644910282812,6.6193157277719505,7.097434771960179
6,Acetylcysteine,mcg,1,1,14999.998966231942,,14999.998966231942,,60.0,
7,Acetylcysteine,mg,228,953,6760.499490706572,4070.8184469246908,1764.2604556229262,8979.99221296391,570.1196222455404,384.3763233400243
8,Acyclovir,dose,1416,9555,1.3237048665620095,13.112952641890303,79.42229199372055,786.7771585134175,1.0000000000000002,0.0
9,Acyclovir,grams,1,2,1.0,0.0,59.999999999999986,0.0,1.0000000000000002,0.0
10,Acyclovir,mcg,1,1,399.99998989515007,,23999.999393709,,1.0000000000000002,
11,Acyclovir,mg,72,186,575.5430298841118,204.80771300563924,34532.5817930467,12288.462780338352,1.0000000000000002,0.0
12,Adenosine,mg,230,433,7.101616694206935,2.710374856253971,426.09700165241605,162.6224913752383,1.0000000000000002,0.0
13,Albumin 25%,ml,3824,22819,71.97919864313981,55.907758262487825,149.52728496803462,107.28335265309998,32.677505587449055,20.04378781336013
14,Albumin 5%,ml,8388,26008,349.09264438145004,128.38469338502384,465.74377133297014,288.9882059911141,53.10289141802522,24.489875760954757
15,Alteplase (TPA),mg,231,678,14.831185675525765,22.870183457388993,7.842276431580682,38.8017032011667,558.523598820059,552.9807814397186
16,Ambisome,dose,162,761,1.0,0.0,59.99999999999999,0.0,1.0000000000000002,0.0
17,Ambisome,mg,6,7,303.57143921511516,147.49899519552355,18214.286352906904,8849.939711731411,1.0000000000000002,0.0
18,Amikacin,dose,91,344,1.0,0.0,59.99999999999999,0.0,1.0000000000000002,0.0
19,Amikacin,mg,4,6,846.6666837533315,196.6384059461024,50800.00102519988,11798.304356766139,1.0000000000000002,0.0
20,Amino Acids,dose,2,4,0.856969478962128,0.48157154392642126,0.052334679930936545,0.01215320370624335,976.75,468.7702884498263
21,Amino Acids,grams,651,3823,92.37195976372256,1339.888115709176,5.174896295095072,57.71477928206374,1051.1647920481298,519.138390300588
22,Aminocaproic acid (Amicar),grams,41,203,5.806402432452429,2.864958187321305,2.0589857901735553,1.504980260917121,293.6502463054187,245.5328834774498
23,Aminocaproic acid (Amicar),mg,7,58,4750.550147338674,1161.696434523371,951.9821463216996,154.8912111888309,312.0,107.90850575387968
24,Aminophylline,mg,3,20,231.73153261304833,52.19492074706084,37.83245896920562,9.039317963208621,387.1,114.88387729859177
25,Amiodarone,mg,3189,8917,238.96978865574252,154.7342909174215,4553.230635469739,4653.555279499503,253.31826847594482,347.9333632361392
26,Amiodarone 450/250,mg,569,3044,291.9599206839614,158.10665594518,41.707606407066706,19.212264816353294,460.03646517739816,299.64785167854177
27,Amiodarone 600/500,mg,1677,7660,343.31819582995684,183.6720999958418,47.661826895441536,320.611195005706,537.5147519582246,354.4764666256961
28,Ampicillin,dose,1374,9822,1.0102830380777845,0.9993359679613399,60.61698228466706,59.96015807768037,1.0000000000000002,0.0
29,Ampicillin,grams,45,237,2.109704641350211,0.3967435202598741,126.58227848101262,23.80461121559244,1.0000000000000002,0.0
30,Ampicillin,mg,3,10,500.0,0.0,29999.999999999993,0.0,1.0000000000000002,0.0
31,Ampicillin/Sulbactam (Unasyn),dose,1312,7795,1.0010262989095573,0.04529688455810399,60.06157793457343,2.7178130734862265,1.0000000000000002,0.0
32,Ampicillin/Sulbactam (Unasyn),grams,52,251,2.9681274900398407,0.25095832259814554,178.0876494023904,15.05749935588873,1.0000000000000002,0.0
33,Angiotensin II (Giapreza),mg,28,192,0.33715015641348306,0.5438409487212812,0.1617237040685282,0.17284163544246922,124.15625,191.84826181862383
34,Argatroban,mg,290,2690,54.48933124134909,65.12536354639823,8.64621945416885,13.739050742731767,468.17174721189593,587.4081255248425
35,Atovaquone,dose,66,128,1.0078125,0.08838834764831843,60.468749999999986,5.303300858899105,1.0000000000000002,0.0
36,Atovaquone,mg,4,6,1125.0000894069672,410.79195077568306,67500.00536441802,24647.51704654098,1.0000000000000002,0.0
37,Atropine,mg,300,442,1.218325850776106,7.415758732592223,73.09955104656633,444.9455239555334,1.0000000000000002,0.0
38,Azithromycin,dose,1608,3672,1.2717864923747277,11.644076420449405,76.30718954248364,698.6445852269642,1.0000000000000002,0.0
39,Azithromycin,grams,1,1,1.0,,59.999999999999986,,1.0000000000000002,
40,Azithromycin,mg,733,1017,362.39036431042945,174.3468428053057,21743.421858625763,10460.810568318342,1.0000000000000002,0.0
41,Aztreonam,dose,432,2928,1.0,0.0,59.99999999999999,0.0,1.0000000000000002,0.0
42,Aztreonam,grams,8,14,1.7142857142857142,0.4688072309384954,102.85714285714282,28.128433856309716,1.0000000000000002,0.0
43,Aztreonam,mg,12,27,1351.851851851852,704.5840946535384,81111.1111111111,42275.04567921229,1.0000000000000002,0.0
44,Bactrim (SMX/TMP),dose,778,4268,1.1293345829428303,8.25068059787493,67.76007497656981,495.0408358724958,1.0000000000000002,0.0
45,Bactrim (SMX/TMP),mg,28,81,387.41976636559644,237.28100194636514,23245.185981935785,14236.860116781903,1.0000000000000002,0.0
46,Beneprotein,dose,7,64,1.2651310750889024,0.8641837683904693,0.19624405330887384,0.11164234370319329,480.75,383.7967385321774
47,Beneprotein,grams,678,7732,17.443089387253202,25.193797335235104,2.702830428090644,8.903931365184418,554.1548111743404,427.7133582368656
48,Beneprotein,ounces,3,12,1.4630543675121996,2.6371040329162443,0.5694754365864464,0.5887909757639055,182.25,180.8088518549103
49,Beneprotein,pg,1,5,0.45509794040678314,0.18064650557806075,0.09188716135735328,0.028078686028887818,318.0,127.92966817747946
50,Beneprotein.,ml,190,945,89.08571428571429,46.88436976572575,5345.142857142856,2813.0621859435446,1.0000000000000002,0.0
51,Bivalirudin (Angiomax),mg,118,1232,89.7021800557762,90.21319056942727,20.753263651479834,33.148716795899475,402.1047077922078,512.0261828613619
52,Bivalirudin (Angiomax) (Impella),mg,1,24,29.8568316775345,52.94215749454076,9.282819664804265,0.9977941957924409,184.79166666666666,309.7293319302694
53,Boost Glucose Control (1/2),ml,1,17,197.48570101313732,148.42187230793851,40.69794079836677,26.76005537985534,391.0,351.87480017756315
54,Boost Glucose Control (1/4),ml,1,1,120.00000178813934,,96.00000143051147,,75.0,
55,Boost Glucose Control (3/4),ml,1,11,201.1286064792763,150.13872285385688,58.0449885671789,23.929633895900007,220.36363636363637,136.4919578050463
56,Boost Glucose Control (Full),ml,204,3002,365.60580909113185,359.3027176770969,66.09835531356572,279.57756775445125,378.97834776815455,296.4064792317438
57,Bumetanide (Bumex),mg,122,1528,6.277436014796643,13.11517831682904,53.90140238045757,770.6841626585177,192.2859947643979,163.83579481380468
58,Calcium Chloride,dose,2,2,1.0,0.0,59.999999999999986,0.0,1.0000000000000002,0.0
59,Calcium Chloride,grams,79,635,2.3879195563671156,1.62568002933895,13.089640884799513,27.281985768602826,225.89291338582677,185.3749407027619
60,Calcium Chloride,mg,108,269,379.34311422266205,652.6463534184585,18676.251829897355,31236.77528952029,95.5092936802974,171.06832041358828
61,Calcium Gluconate,grams,17328,61661,2.2672756166452546,2.815277698661585,2.1018500744451245,2.6283627962002702,69.68748479590016,74.24775304900093
62,Calcium Gluconate (Bolus),ml,1120,2150,84.46348641442698,41.05077182545494,80.33761556675267,30.624038350578008,64.46093023255814,36.79646215151798
63,Calcium Gluconate (CRRT),grams,1591,33813,10.595041676210847,18.384522112618495,1.9417453419300572,4.601668850551172,348.72341998639575,241.9980976056564
64,Calcium Gluconate (CRRT),mg,1,2,8.200000538636232,0.2828427310538059,1.6000001050997525,0.0,307.5,10.606601717798213
65,Carafate (Sucralfate),dose,354,1191,1.0,0.0,59.999999999999986,0.0,1.0000000000000002,0.0
66,Carafate (Sucralfate),grams,4,9,1.1111111111111112,0.3333333333333333,66.66666666666666,19.99999999999999,1.0000000000000002,0.0
67,Carafate (Sucralfate),mg,1,1,4.000000189989805,,240.00001139938826,,1.0000000000000002,
68,Caspofungin,dose,58,311,1.0,0.0,59.999999999999986,0.0,1.0000000000000002,0.0
69,Caspofungin,mg,5,6,57.50000042219957,14.747881158284928,3450.0000253319736,884.8728694970953,1.0000000000000002,0.0
70,Cath Lab Intake,ml,2172,2447,817.1608091540662,972.0943730645414,49029.64854924396,58325.662383872484,1.0000000000000002,0.0
71,Cath Lab Intake,nL,1,1,99.99999747378752,,5999.99984842725,,1.0000000000000002,
72,Cefazolin,dose,10956,37753,1.0028342118507139,0.07107250970099072,60.17005271104282,4.26435058205945,1.0000000000000002,0.0
73,Cefazolin,grams,450,1103,1.9156844968268358,0.3579010425603501,114.94106980961013,21.47406255362099,1.0000000000000002,0.0
74,Cefazolin,mg,19,31,56.35483887782621,149.62587752916522,3381.2903326695714,8977.552651749913,1.0000000000000002,0.0
75,Cefepime,dose,9237,59174,1.0152938790685098,2.092810307983843,60.91763274411057,125.56861847903147,1.0000000000000002,0.0
76,Cefepime,grams,863,2196,1.8515482695810566,0.3556281848636884,111.09289617486336,21.337691091821277,1.0000000000000002,0.0
77,Cefepime,mcg,1,3,28.33333261757313,20.207258911158593,1699.9999570543878,1212.4355346695154,1.0000000000000002,0.0
78,Cefepime,mg,38,56,345.9642859379528,440.72027661642244,20757.857156277165,26443.21659698535,1.0000000000000002,0.0
79,Ceftaroline,dose,32,273,1.0,0.0,59.999999999999986,0.0,1.0000000000000002,0.0
80,Ceftaroline,grams,1,1,2.0,,119.99999999999997,,1.0000000000000002,
81,Ceftaroline,mg,5,12,550.0000218550364,114.81210795258373,33000.00131130218,6888.726477155022,1.0000000000000002,0.0
82,Ceftazidime,dose,1767,9375,1.0117333333333334,1.0230284933474194,60.703999999999986,61.381709600845504,1.0000000000000002,0.0
83,Ceftazidime,grams,162,385,1.8727272727272728,0.35635464970115976,112.36363636363635,21.381278982069592,1.0000000000000002,0.0
84,Ceftazidime,mg,6,7,678.8571428707136,656.5788676940317,40731.4285722428,39394.7320616419,1.0000000000000002,0.0
85,Ceftriaxone,dose,6723,17273,1.0005789382272912,0.02635205696977292,60.03473629363746,1.5811234181863767,1.0000000000000002,0.0
86,Ceftriaxone,grams,318,396,1.4242424242424243,0.4948526765224676,85.45454545454544,29.69116059134806,1.0000000000000002,0.0
87,Ceftriaxone,mg,11,14,312.9285746669796,595.5462247281117,18775.71448001877,35732.773483686695,1.0000000000000002,0.0
88,Cell Saver,ml,24,24,503.0833315849304,187.43553071023817,533.2916647195816,283.97725916184686,61.0,14.554246354810743
89,Chocolate Scandi Shake (mixed),ml,2,4,180.0,69.2820323027551,10799.999999999996,4156.921938165304,1.0000000000000002,0.0
90,Ciprofloxacin,dose,3881,17002,1.0762263263145513,5.776584792730197,64.57357957887307,346.59508756381103,1.0000000000000002,0.0
91,Ciprofloxacin,grams,1,1,1.0,,59.999999999999986,,1.0000000000000002,
92,Ciprofloxacin,mg,170,251,403.7928358750024,93.96364349744539,24227.570152500142,5637.818609846721,1.0000000000000002,0.0
93,Cisatracurium,mcg,1,1,0.20000000233721948,,12.000000140233167,,1.0000000000000002,
94,Cisatracurium,mg,1321,14960,56.40513183995472,56.1301358092281,75.55210725879112,239.75617152982824,227.49491978609626,232.78928361461809
95,Citrate,mmol,1356,31302,97.63799204835546,34.39512518163607,21.428390330681967,38.84217733210836,287.08395629672225,110.46170799002803
96,Clevidipine (Cleviprex),mg,198,4562,7.645066194427636,8.277160719057019,6.442537345315448,5.1561629286166974,80.00876808417361,94.21837333784903
97,Clindamycin,dose,1046,5709,1.000175162024873,0.01323487910307485,60.01050972149237,0.7940927461844915,1.0000000000000002,0.0
98,Clindamycin,mg,59,229,678.8209875858507,176.64989450250857,40729.25925515103,10598.99367015051,1.0000000000000002,0.0
99,Colistin,dose,24,328,1.0,0.0,59.999999999999986,0.0,1.0000000000000002,0.0
100,Colistin,mg,1,3,90.00000357627869,0.0,5400.00021457672,0.0,1.0000000000000002,0.0
101,Coumadin (Warfarin),dose,1418,2251,1.0675255442025766,0.484302989313833,64.05153265215459,29.058179358829996,1.0000000000000002,0.0
102,Coumadin (Warfarin),mcg,2,2,251.5000119274191,351.43208696756614,15090.000715645143,21085.925218053966,1.0000000000000002,0.0
103,Coumadin (Warfarin),mg,302,380,3.4710527927688273,1.9671992042876651,208.2631675661296,118.03195225725989,1.0000000000000002,0.0
104,Cryoprecipitate,ml,994,3376,123.09589572241573,38.317795124069775,306.15580052883314,328.7183490550107,38.764218009478675,21.526819224782336
105,Cyclosporine,mg,12,38,97.65789722395742,66.53845927426022,44.7255706661197,33.63241533255653,163.76315789473685,95.63710526397007
106,D5 1/2NS,L,1,3,1.0000000044107438,2.5508281108040355e-08,0.10050382614135743,0.0004444536175702289,597.0,2.6457513110645907
107,D5 1/2NS,ml,7373,27457,600.1729944384618,399.0676224849811,325.09971798228776,3153.5099867553176,463.51520559420186,477.48033847159934
108,D5 1/4NS,ml,203,407,544.6562580992937,374.9885243753986,1558.8200826873356,7060.69390218977,409.019656019656,431.8928833251093
109,D5LR,ml,876,3118,606.4593890912631,391.78958659594826,407.5372424252322,3912.6969947007105,438.07408595253366,412.1876011077284
110,D5NS,cm3,1,1,470.8333221077919,,49.999998807907104,,565.0,
111,D5NS,ml,1980,5815,561.0797535123085,401.7009858560465,372.9405321226497,3611.5918786291118,415.40257953568357,418.20765127796017
112,Daptomycin,dose,609,2317,1.0,0.0,59.999999999999986,0.0,1.0000000000000002,0.0
113,Daptomycin,mg,21,32,539.6875159349293,202.04574443006052,32381.250956095748,12122.744665803628,1.0000000000000002,0.0
114,Dexmedetomidine (Precedex),mcg,5891,98430,146.08041026902734,160.14916335394923,73.93805829035847,286.1361624738039,129.2910799552982,136.73218371539522
115,Dexmedetomidine (Precedex),mg,361,5969,0.3143693373513919,0.33959024565127605,0.10217482135668819,0.776742488526945,199.51264868487183,204.8414434947844
116,Dextran 40,ml,20,42,304.0683673655703,171.84781510008204,116.65197385208947,347.6123033537231,613.0714285714286,450.9079400313054
117,Dextrose 10%,ml,1181,4514,341.99892329747695,334.4898790316001,83.79823601292176,1060.8217450772174,505.1561807709349,601.1322555607096
118,Dextrose 20%,ml,69,569,277.4936529141188,262.6569314646719,56.423699780382044,49.66740865871909,343.52548330404215,338.9995270897345
119,Dextrose 30%,ml,2,13,737.2590748232144,423.69354091846037,79.36344541036166,40.118477650966575,479.84615384615387,196.01311442258404
120,Dextrose 40%,ml,7,51,230.4674353447615,257.42569209667613,30.768801201792325,25.365276037885675,447.2549019607843,340.37913232965707
121,Dextrose 5%,ml,38356,1024580,110.84176790690412,199.5732193937543,3285.5713129167966,9998.182843234894,167.9347888891058,357.66042551840803
122,Dextrose 50%,ml,5111,13265,32.37595929133973,13.290814767923383,1942.5575574803836,797.4488860754026,1.0000000000000002,0.0
123,Dextrose PN,grams,602,3410,194.52631570414982,124.33272024444392,12.008360807809847,23.243605995487705,1050.7870967741935,517.4251597684
124,Dextrose PN,pg,1,1,14.999999873147356,,0.8434864033634876,,1067.0000000000002,
125,Diazepam (Valium),mg,584,4248,9.086582541599823,5.641687633448612,545.1949524959892,338.501258006917,1.0000000000000002,0.0
126,Digoxin (Lanoxin),dose,12,14,0.9357142858207226,0.24053511732293165,56.14285714924334,14.432107039375897,1.0000000000000002,0.0
127,Digoxin (Lanoxin),mcg,68,133,167.21730075961835,97.75544283487794,10033.038045577097,5865.326570092677,1.0000000000000002,0.0
128,Digoxin (Lanoxin),mg,405,957,1.189132717967446,13.411530471767062,71.34796307804675,804.6918283060227,1.0000000000000002,0.0
129,Dilantin,grams,6,6,1.0,0.0,59.99999999999998,0.0,1.0000000000000002,0.0
130,Dilantin,mg,1238,6830,190.63768471386703,244.92158143762992,10796.412947525689,14231.130059264282,3.0338213762811126,11.145815229895838
131,Diltiazem,mcg,1,1,24.99999936844688,,1499.9999621068125,,1.0000000000000002,
132,Diltiazem,mg,2277,15647,33.61223494699977,39.881084694399284,197.0171985815843,400.4610081000444,177.82252188918002,252.7040860688533
133,Dobutamine,mg,895,8389,146.76326477116626,135.54755434240536,26.51162945145955,22.0731184908107,379.24138753129097,362.562532417514
134,Dopamine,mg,1758,16450,80.6225701855648,117.39790470150612,37.0602126916501,135.5351900706557,156.2741641337386,243.1745691629558
135,Doxycycline,dose,290,1271,1.0,0.0,59.999999999999986,0.0,1.0000000000000002,0.0
136,Doxycycline,mg,12,20,100.00000149011612,0.0,6000.000089406966,0.0,1.0000000000000002,0.0
137,Drotrecogin (Xigris),mg,9,102,8.761962582937878,2.3635580947764114,2.361336820981438,1.0318379543908374,235.48039215686273,78.33069405748847
138,Enlive (Full),ml,1,1,158.25,,14.999999999999998,,633.0,
139,Enoxaparin (Lovenox),dose,1072,3426,1.0259778166958553,1.5205346710716987,61.5586690017513,91.23208026430186,1.0000000000000002,0.0
140,Enoxaparin (Lovenox),mcg,1,1,79.99999797903001,,4799.9998787418,,1.0000000000000002,
141,Enoxaparin (Lovenox),mg,36,57,66.49123060337284,29.062202135252424,3989.4738362023695,1743.732128115145,1.0000000000000002,0.0
142,Ensure (3/4),ml,1,1,968.4685063362122,,90.0900936126709,,645.0,
143,Ensure (Full),ml,234,725,225.93176853586888,162.35107598814633,6976.942948095139,6774.6599802810415,139.42620689655172,211.2589836007666
144,Ensure Plus (Full),ml,70,196,322.5557040858025,340.3146879322997,7314.997120476802,9156.703786069465,184.25,277.51742611027476
145,Epinephrine,mcg,5,12,240.33754888345507,468.572077637716,1860.1418477715015,5872.74768500509,82.75,71.9774270170864
146,Epinephrine,mg,2866,23610,0.9240145521230426,1.7686535692465237,0.7136592391483458,2.9509642583750444,168.1270224481152,261.19125762439427
147,Epinephrine.,mcg,7,11,177.39999551932587,232.66361396806988,10643.99973115955,13959.816838084187,1.0000000000000002,0.0
148,Epinephrine.,mg,46,108,0.8861111510432912,0.7467635462171519,53.166669062597464,44.805812773029096,1.0000000000000002,0.0
149,Epoprostenol (Veletri),mg,5,147,0.5929175979017554,0.5168734143372222,0.16632865095646462,0.17631180427930151,295.25850340136054,216.06357158222698
150,Eptifibatide (Integrilin),mg,493,1139,56.69748376416843,24.015244549186235,10.37365422943941,3.6805176559777117,356.55399473222127,200.6230134434526
151,Ertapenem sodium (Invanz),dose,14,31,1.0,0.0,59.999999999999986,0.0,1.0000000000000002,0.0
152,Ertapenem sodium (Invanz),grams,1,1,1.0,,59.999999999999986,,1.0000000000000002,
153,Erythromycin,dose,252,865,1.0,0.0,59.999999999999986,0.0,1.0000000000000002,0.0
154,Erythromycin,mg,13,50,227.000000923872,101.12126420346523,13620.000055432318,6067.275852207911,1.0000000000000002,0.0
155,Esmolol,mcg,1,4,500.00002374872565,0.0,30000.001424923532,0.0,1.0000000000000002,0.0
156,Esmolol,mg,958,12583,928.8955623559274,838.7697490052531,719.8840239863289,619.302179616453,100.39688468568704,120.1353201538021
157,Esomeprazole (Nexium),dose,73,171,1.0,0.0,59.99999999999999,0.0,1.0000000000000002,0.0
158,Esomeprazole (Nexium),mg,4,6,40.00000283122063,0.0,2400.000169873237,0.0,1.0000000000000002,0.0
159,Ethambutol,dose,7,13,1.0,0.0,59.999999999999986,0.0,1.0000000000000002,0.0
160,Factor VIII,International Units,6,9,2680.888926188151,1609.58545858434,13185.555674235025,18233.531888376183,28.333333333333332,24.052026941611388
161,Factor VIII,units,1,1,5257.9998779296875,,31547.999267578125,,10.0,
162,Factor VIIa,dose,3,3,1.00000003973643,2.1507973550240184e-08,2.666666731238365,2.8867513674561027,43.333333333333336,28.867513459481287
163,Factor VIIa,mcg,42,97,3575.8555598566472,1601.45873663112,38615.45222809736,30638.124849909334,15.88659793814433,21.43054493039656
164,Factor VIIa,mg,3,4,2.750000185187673,1.5000000866065362,10.016949945566012,9.919507968627427,33.75,29.78114616106416
165,Factor VIIa,pg,2,2,3500.0000120355426,707.1067611882019,110000.00077476811,98994.95049157941,3.5,3.5355339059327378
166,Famotidine (Pepcid),dose,11705,55433,1.003806396911587,0.3804226645540101,60.2283838146952,22.82535987324052,1.0000000000000002,0.0
167,Famotidine (Pepcid),grams,2,2,20.0,0.0,1199.9999999999998,0.0,1.0000000000000002,0.0
168,Famotidine (Pepcid),mg,271,459,20.392158281764175,3.2134446591368286,1223.5294969058502,192.80667954820964,1.0000000000000002,0.0
169,Fentanyl,mcg,16718,190385,45.862529395885566,29.690805538475193,2746.5307959770344,1673.8915092162363,1.0227854085143264,2.4784379392167892
170,Fentanyl,mg,1038,11304,0.7064425011377052,0.8029860612047353,0.1677757645354215,1.8689622694711365,412.6096956829441,511.9912456793055
171,Fentanyl (Concentrate),mcg,12,80,355.4989824973376,601.0931457305586,120.23372755010087,293.92677307072876,261.025,363.43536590413623
172,Fentanyl (Concentrate),mg,9998,109348,0.6922226017590047,0.8124347209536771,0.15072081023803077,1.3686359447819143,392.7322218970626,483.11635323006317
173,Fiber Supplement (i.e. Banana Flakes),ml,116,597,105.30988274706867,42.024874219611284,6318.592964824119,2521.492453176676,1.0000000000000002,0.0
174,Fibersource HN (1/2),ml,5,42,380.80703698524405,320.56383589799896,55.986465024096624,34.980047841186796,398.1904761904762,249.01701754907438
175,Fibersource HN (1/4),ml,1,26,293.9619788538951,329.0994667640922,46.545347777696755,11.676899939369912,368.07692307692315,354.40710185626057
176,Fibersource HN (3/4),ml,5,49,453.5561747216448,302.2007010196114,65.44610978693379,31.664986384811723,422.6734693877551,227.5076361131554
177,Fibersource HN (Full),ml,484,5842,360.69689631575346,344.6521462020077,52.37387152824861,185.84887698304345,447.80914070523795,353.6745515899757
178,Fluconazole,dose,1159,4578,1.0873743993010048,5.897067890865562,65.24246395806027,353.82407345193445,1.0000000000000002,0.0
179,Fluconazole,mg,87,117,400.85470746470315,213.14384645451074,24051.282447882182,12788.630787270637,1.0000000000000002,0.0
180,Folic Acid,dose,3,3,0.8168317155602077,0.31725686531843694,1.3580858777277172,1.1118280545385526,141.33333333333334,192.834989909335
181,Folic Acid,grams,2,2,1.0000000521540642,0.0,3.0000001564621925,1.4142136361300799,22.5,10.606601717798213
182,Folic Acid,mg,1682,3387,5.034359766848278,38.88793166072983,7.638876181216781,91.51147541505973,205.227339828757,251.45377247002472
183,Fondaparinux,dose,99,247,1.0,0.0,59.999999999999986,0.0,1.0000000000000002,0.0
184,Foscarnet,dose,11,92,1.0,0.0,59.99999999999999,0.0,1.0000000000000002,0.0
185,Fosphenytoin,dose,5,20,1.0,0.0,59.999999999999986,0.0,1.0000000000000002,0.0
186,Fosphenytoin,grams,2,2,1.0,0.0,59.999999999999986,0.0,1.0000000000000002,0.0
187,Fosphenytoin,mg,506,3991,202.33400666456504,277.6285784028151,11718.201308755095,16473.328953721033,2.684289651716362,13.419024808357317
188,Free Water,ml,5558,70566,152.42696199302782,104.66174301782178,9145.617719581667,6279.704581069299,1.0000000000000002,0.0
189,Fresh Frozen Plasma,ml,4518,16148,293.9705839117473,64.32263117243379,518.9057475770865,684.0353196531198,47.554619767153824,30.205178531870242
190,Furosemide (Lasix),dose,1,2,1.0,0.0,59.999999999999986,0.0,1.0000000000000002,0.0
191,Furosemide (Lasix),mg,18650,99410,42.80394308847361,43.507837994546506,2044.4467004538903,2285.4551273943193,66.92135600040237,201.75011819786343
192,Furosemide (Lasix) 250/50,mg,2517,18645,112.19067779577273,97.07950948265972,16.496839942984003,119.2245325635087,479.5300616787342,430.14459995673377
193,GT Flush,cm3,1,1,0.0,,0.0,,1.0000000000000002,
194,GT Flush,ml,12100,223875,47.457701842546065,52.37701566742978,2847.462110552763,3142.6209400457537,1.0000000000000002,0.0
195,Gancyclovir,dose,87,598,1.0,0.0,59.999999999999986,0.0,1.0000000000000002,0.0
196,Gancyclovir,mg,8,16,299.0625165402889,99.60286699414745,17943.750992417332,5976.172019648846,1.0000000000000002,0.0
197,Gastric Meds,L,1,1,4.0,,239.99999999999994,,1.0000000000000002,
198,Gastric Meds,ml,14824,304467,59.46749302880444,76.987717710927,3568.049581728266,4619.263062655557,1.0000000000000002,0.0
199,Gentamicin,dose,766,2275,1.218021978021978,6.138817088118952,73.08131868131866,368.3290252871376,1.0000000000000002,0.0
200,Gentamicin,mg,42,75,154.00000726183256,141.14398055865672,9240.000435709951,8468.6388335194,1.0000000000000002,0.0
201,Glucerna (1/2),ml,2,18,445.7573638161023,181.05177793718116,113.48973055680591,37.952422252013235,240.16666666666666,68.20147488486293
202,Glucerna (Full),ml,101,1399,362.86498313718306,332.73162735312513,59.5291576961094,64.25431242049407,385.80557541100785,300.4306102671427
203,Glucerna 1.2 (Full),ml,719,10301,397.58527226370427,357.7315283677991,56.27838853441064,107.02697030213783,441.349771866809,341.746477140665
204,Glucerna 1.5 (Full),ml,702,10123,375.615818141512,315.5376417253273,54.06382803310669,160.68450421152676,465.4007705225724,348.49613586877894
205,Glycopyrolate (Robinul),dose,1,1,1.0,,59.999999999999986,,1.0000000000000002,
206,Glycopyrolate (Robinul),mcg,1,1,199.99999494757503,,11999.9996968545,,1.0000000000000002,
207,Glycopyrolate (Robinul),mg,2400,2759,0.5586807078578256,1.3183468875802704,33.52084247146953,79.10081325481615,1.0000000000000002,0.0
208,Haloperidol (Haldol),mg,3479,13605,2.9838664177993435,2.5266969294519264,179.03198506796056,151.60181576711534,1.0000000000000002,0.0
209,Heparin Sodium,units,8553,76015,9873.809711408514,8037.1951731704185,18718.740653029963,65094.86962745186,466.36849306058014,417.046504539955
210,Heparin Sodium (Impella),units,96,1322,3153.2826343450565,4799.194190278386,567.2437713445134,297.84006544088265,349.6414523449319,511.41073387196735
211,Heparin Sodium (Prophylaxis),dose,18732,150616,2.927836352047591,112.21040628678122,175.6701811228554,6732.624377206973,1.0000000000000002,0.0
212,Heparin Sodium (Prophylaxis),mg,9,14,5892.928809850543,2104.5282982612616,353575.7285910325,126271.69789567566,1.0000000000000002,0.0
213,Hetastarch (Hespan) 6%,ml,41,51,471.0457507722518,84.74927857973911,1509.282444224638,610.4185678094757,31.941176470588236,47.795151120048104
214,Hydralazine,mg,7488,30426,11.988152422070648,4.733796278951558,719.2329433870603,284.06619161428233,1.0013146650890687,0.1778117155649733
215,Hydrochloric Acid - HCL,mEq,25,48,58.25002837739885,75.79622729043574,57.1119878301397,360.12421422696355,630.8125,503.0516515187528
216,Hydromorphone (Dilaudid),dose,1,1,1.0,,59.999999999999986,,1.0000000000000002,
217,Hydromorphone (Dilaudid),mcg,4,7,517.8571503035657,876.2745782451564,9742.991112164285,5473.576812805675,31.428571428571427,80.5064327509654
218,Hydromorphone (Dilaudid),mg,10582,100038,2.171905332608729,16.190436298527604,44.27512025072028,58.41152367690605,25.522241548211678,136.7778961994835
219,IV Immune Globulin (IVIG),ml,255,1738,116.64666725495579,134.96128778658755,78.27311296787614,88.05431490236752,91.1426927502877,111.86908061985777
220,Imipenem/Cilastatin,dose,144,1458,1.0,0.0,59.99999999999999,0.0,1.0000000000000002,0.0
221,Imipenem/Cilastatin,mg,4,9,583.3333374725448,320.15621601206664,35000.00024835268,19209.37296072399,1.0000000000000002,0.0
222,Impact (1/2),ml,4,31,162.33091693119175,132.57845205084692,38.88147666329338,29.12341345285517,310.38709677419354,197.01128181221074
223,Impact (1/4),ml,1,10,470.55562891662123,380.9633403602748,46.10615882277489,20.46571576923402,530.8,278.59201551930937
224,Impact (3/4),ml,4,44,285.73961582576686,274.7586549728838,60.38268392736261,25.61448810536332,352.5,400.1032134279214
225,Impact (Full),ml,21,169,374.7885733821688,418.3530927206211,45.77552023371296,18.175856628176206,474.76331360946745,436.8865803870472
226,Impact with Fiber (1/2),ml,4,8,277.9888161458075,341.7667060765187,14.39917953684926,6.242537983931554,1351.0,1924.072837944106
227,Impact with Fiber (1/4),ml,1,1,100.0,,30.0,,200.0,
228,Impact with Fiber (3/4),ml,1,29,907.9689973140585,221.70750694327964,125.38619880018562,0.8489786692344388,434.37931034482756,105.88923248683146
229,Impact with Fiber (Full),ml,76,591,350.9368083106256,385.8699620335162,52.545502180526704,36.56972864909695,404.69712351945856,391.53873498251977
230,Insulin - 70/30,units,218,755,22.637748344370863,15.752906942892771,1358.2649006622514,945.174416573566,1.0000000000000002,0.0
231,Insulin - Glargine,units,9420,30118,21.73294707495296,15.075562768062605,1303.9768244971774,904.5337660837577,1.0000000000000002,0.0
232,Insulin - Humalog,units,10369,83996,4.991072193924924,4.762187206553741,299.4643316354954,285.7312323932226,1.0000000000000002,0.0
233,Insulin - Humalog 75/25,units,118,344,25.07122093023256,17.805681365339325,1504.2732558139533,1068.3408819203598,1.0000000000000002,0.0
234,Insulin - NPH,units,1135,7075,17.224381625441698,13.723562468688884,1033.4628975265016,823.4137481213319,1.0000000000000002,0.0
235,Insulin - Novolog,units,171,936,5.972222222222222,4.85305766978782,358.33333333333326,291.1834601872691,1.0000000000000002,0.0
236,Insulin - Regular,units,19510,283479,6.911418603600785,10.538365353166409,139.92140339404358,306.52914999321536,67.55092617089802,145.5975099177777
237,Insulin - U500,units,4,18,40.55555555555556,12.821040713113748,2433.333333333333,769.2624427868247,1.0000000000000002,0.0
238,Isoniazid,dose,9,15,1.0,0.0,59.999999999999986,0.0,1.0000000000000002,0.0
239,Isosource 1.5 (1/2),ml,9,64,232.68773132539354,188.2329060897077,56.17897722870111,116.45400043358336,397.78125,383.1180127667573
240,Isosource 1.5 (1/4),ml,2,8,208.56522271223366,74.48189913785644,26.636249162256718,7.690704180247615,456.25,58.477712482131686
241,Isosource 1.5 (2/3),ml,1,2,69.3026053160429,20.78525489360236,20.005010068416595,7.078153118568637,233.5,144.95689014324222
242,Isosource 1.5 (3/4),ml,2,20,235.84804384484886,192.25676578132806,65.30513209104538,60.72045305974526,259.35,134.59462529348912
243,Isosource 1.5 (Full),ml,566,5813,344.7033663742012,340.40355659271296,48.35090035728055,291.9765935625289,479.5152244968175,393.61446473903266
244,Isuprel,mg,36,156,0.44142125707243196,0.622972581976533,0.20317644239316207,0.22691358483911142,201.67307692307693,268.82058205239343
245,Jevity 1.2 (Full),ml,1016,10906,417.0382270233553,378.43002145373185,56.59733435170144,288.27070025630354,485.03520997615993,368.90108945233015
246,Jevity 1.5 (Full),ml,1237,12805,392.6277934017938,363.0008471262559,65.0964717576364,313.70591237029964,483.05560327996875,396.74111209822166
247,K Phos,mmol,4860,8775,19.104554562303818,15.444914729940544,4.021873569874523,11.036866630252996,317.98188034188036,106.58366653086154
248,KCL (Bolus),ml,16025,98860,56.131019686128184,34.13240731967837,54.106055638701356,19.0461729240648,62.03764920089015,21.536520716543976
249,KCl (CRRT),mEq.,1407,51105,9.472933468596489,13.03522413145373,3.2820633497452847,10.449632979315549,197.1007924860581,111.55966518386414
250,KCl (CRRT),ml/hr,1,1,20.000002831220627,,100.00001415610313,,12.0,
251,Keflex,dose,73,169,1.0,0.0,59.999999999999986,0.0,1.0000000000000002,0.0
252,Keflex,mg,4,10,500.0,0.0,29999.999999999993,0.0,1.0000000000000002,0.0
253,Ketamine,mg,260,3101,139.27412363980022,292.1691026114912,53.2730797912203,116.30819124685834,208.9348597226701,214.05571843350782
254,Ketorolac (Toradol),mg,1903,4962,16.755845084454577,4.9647713839451475,1005.3507050672745,297.88628303670885,1.0000000000000002,0.0
255,LR,L,2,2,1.0,0.0,59.999999999999986,0.0,1.0000000000000002,0.0
256,LR,ml,22626,107674,653.7442084655733,369.06262145116744,19487.125345211134,24263.7765866062,211.30825454612997,418.58515533452635
257,Labetalol,dose,1,1,1.0000000298023224,,1.8181818723678587,,33.00000000000001,
258,Labetalol,mg,3626,22993,56.8625652487107,135.02217296342752,490.19271316558144,493.43665551455354,30.07732788239899,79.01732897922555
259,Lansoprazole (Prevacid),dose,1302,3396,0.9997055359246172,0.0171599555763645,59.98233215547702,1.0295973345818705,1.0000000000000002,0.0
260,Lansoprazole (Prevacid),mg,6,6,30.000001192092896,0.0,1800.000071525573,0.0,1.0000000000000002,0.0
261,Lepirudin,mg,5,15,25.404093749602907,32.94268879638059,2.966676740470575,1.6604727328675546,457.26666666666665,521.6441680832233
262,Levetiracetam (Keppra),dose,42,51,40.17646912171268,279.91879653219974,51.80512086214388,279.13496206718446,22.784313725490197,14.24543958674522
263,Levetiracetam (Keppra),grams,7,8,1.3750000456348062,0.5175491893011149,33.50000018253922,42.75845767717807,9.75,7.245688373094719
264,Levetiracetam (Keppra),mg,3323,15617,911.8086831728721,485.08693689453924,33537.49077564743,33981.86662942169,10.030351539988475,52.21209210835728
265,Levofloxacin,dose,2418,5490,1.4546448087431694,17.824212003116443,87.27868852459014,1069.45272018699,1.0000000000000002,0.0
266,Levofloxacin,grams,1,1,750.0,,44999.99999999999,,1.0000000000000002,
267,Levofloxacin,mg,94,110,667.7273170514541,151.68571490805257,40063.639023087235,9101.142894483155,1.0000000000000002,0.0
268,Lidocaine,mg,374,1462,613.6277409370398,669.4695785660566,1492.742890454537,2480.957189759138,461.3953488372093,588.0218113079089
269,Linezolid,dose,895,6689,1.0,0.0,59.999999999999986,0.0,1.0000000000000002,0.0
270,Linezolid,mg,50,113,592.0354217554616,48.44288604110804,35522.12530532769,2906.5731624664822,1.0000000000000002,0.0
271,Lipids (additive),grams,363,2077,33.074311089569505,18.30362668961046,1.883820717818349,0.821076010608986,1073.4025036109774,512.2112859910638
272,Lipids 10%,ml,1,1,999.9999862909317,,41.60887598991394,,1442.0,
273,Lipids 20%,ml,36,108,264.37777897908734,214.8657102771609,346.6567889849345,601.6450010659988,443.75925925925924,336.0194940487153
274,Lorazepam (Ativan),mg,7941,37331,1.1553752070009198,1.8878137061269034,64.02466932136659,47.87840198495355,2.996571214272321,45.34283417254268
275,Magnesium Sulfate,dose,1,2,2.0000001043081284,0.0,2.0000001043081284,0.0,60.0,0.0
276,Magnesium Sulfate,grams,26401,72355,2.1475234974382684,2.449249561545515,2.1158514466237834,2.440520290623593,62.69200469905328,28.533484418218475
277,Magnesium Sulfate,mg,1,1,40.00000306405127,,40.00000306405127,,60.0,
278,Magnesium Sulfate (Bolus),ml,21356,51767,52.02910466874226,10.830225084999116,51.354812415781616,14.143631395219307,61.75787663955802,13.540367816117962
279,Magnesium Sulfate (OB-GYN),grams,60,118,10.984314316418022,7.704529960817853,3.8332305695482733,16.270020149589918,359.6864406779661,288.115827229334
280,Mannitol,grams,516,2046,44.852967608822,42.99226102165996,236.7466546273469,1109.8063731695192,44.99364613880743,60.48629708990143
281,Mannitol,mg,1,3,12.500000302679837,0.0,12.500000302679837,0.0,60.0,0.0
282,Meperidine (Demerol),mg,893,1587,15.772022923069379,8.384465964658093,946.3213753841626,503.06795787948545,1.0000000000000002,0.0
283,Meropenem,dose,2956,36940,1.0973199783432595,7.808832116850251,65.83919870059555,468.5299270110169,1.0000000000000002,0.0
284,Meropenem,grams,69,159,26.22641509433962,156.92527950734868,1573.584905660377,9415.516770440921,1.0000000000000002,0.0
285,Meropenem,mg,213,994,610.663983997115,353.0502415650913,36639.83903982689,21183.014493905477,1.0000000000000002,0.0
286,Methadone Hydrochloride,mg,195,1870,19.467862140249405,19.90337575901039,1047.150929677924,742.031963356875,7.118716577540107,76.95783328044567
287,Metoprolol,mcg,1,1,4.999999873689376,,299.9999924213625,,1.0000000000000002,
288,Metoprolol,mg,9936,58912,5.698389503736431,3.399029903289692,341.9033702241858,203.94179419738083,1.0000000000000002,0.0
289,Metronidazole,dose,6774,55305,1.087713588283157,7.630042732567816,65.2628152969894,457.80256395407355,1.0000000000000002,0.0
290,Metronidazole,grams,1,1,2.0,,119.99999999999997,,1.0000000000000002,
291,Metronidazole,mcg,1,1,500.00002374872565,,30000.001424923532,,1.0000000000000002,
292,Metronidazole,mg,320,1274,498.39167975412323,53.09143387234099,29903.500785247386,3185.4860323404564,1.0000000000000002,0.0
293,Micafungin,dose,947,4573,1.0,0.0,59.999999999999986,0.0,1.0000000000000002,0.0
294,Micafungin,mcg,1,1,0.9999999974752427,,59.99999984851455,,1.0000000000000002,
295,Micafungin,mg,54,92,95.77174056397305,16.986163471329164,5746.3044338383825,1019.1698082797498,1.0000000000000002,0.0
296,Midazolam (Versed),mg,9178,107299,13.262291149149762,32.104460416075135,47.92747655147081,76.21754890627702,171.6813763408792,378.91801502701145
297,Mighty Shake (Chocolate),ml,4,10,167.0,110.55918475338596,10019.999999999996,6633.551085203156,1.0000000000000002,0.0
298,Mighty Shake (Vanilla/Strawberry),ml,10,19,200.0,86.98658900466593,11999.999999999996,5219.195340279954,1.0000000000000002,0.0
299,Mighty Shake (no sugar added),ml,10,20,206.0,70.72184208127233,12359.999999999996,4243.310524876339,1.0000000000000002,0.0
300,Milrinone,mg,1009,9507,12.442608958442204,7.388304456130949,2.2654002618605653,12.78190422154473,467.75754707057956,348.7931503093394
301,Morphine Sulfate,mg,12858,72038,3.865639413243221,10.74011515459932,133.8909294199993,94.77109829271193,16.618048807573782,100.34215294497831
302,Moxifloxacin,dose,7,22,1.0,0.0,59.99999999999999,0.0,1.0000000000000002,0.0
303,Moxifloxacin,mg,1,1,1500.0001192092896,,90000.00715255736,,1.0000000000000002,
304,Multivitamins,ml,932,1575,13.323971095966057,48.72539489403268,2.5467440264277337,10.482721187200294,413.16507936507935,237.38861640050695
305,Multivitamins,mm^3,1,1,0.9687500107702363,,0.1250000013897079,,465.0,
306,Mycophenolate mofetil (Cellcept),mg,12,50,895.0000479118899,257.9847494765072,456.13795509561896,167.49752932467655,119.9,10.226516154246337
307,Na Phos,mmol,3370,6087,21.442519988000544,23.533304493981674,4.389807065073565,7.228107296509294,313.1422704123542,101.49108736224223
308,NaCl 0.45%,ml,2626,9951,463.0681212353735,392.4763549704544,2430.667291799813,9043.099852744588,310.27926841523464,447.7189439314388
309,NaCl 0.9%,L,4,4,1.5,0.5773502691896257,89.99999999999997,34.641016151377535,1.0000000000000002,0.0
310,NaCl 0.9%,ml,44381,1246088,130.49281365567273,241.81441864738508,2435.9407608299784,9078.85045320933,239.00582462875815,588.9454739254958
311,NaCl 23.4%,ml,191,309,57.95381986967086,31.701094826543933,680.9626140163361,1200.3614905375302,12.56957928802589,35.88508689115943
312,NaCl 3% (Hypertonic Saline),ml,1134,8473,235.80908647524214,180.71078859982836,248.82463090276502,1495.3163203021784,385.2860852118494,326.3613339803773
313,Nafcillin,dose,547,11154,1.0,0.0,59.99999999999999,0.0,1.0000000000000002,0.0
314,Nafcillin,grams,31,344,1.9505813953488371,0.21705613010894767,117.03488372093021,13.023367806536866,1.0000000000000002,0.0
315,Nafcillin,mcg,1,2,0.9999999974752427,0.0,59.99999984851455,0.0,1.0000000000000002,0.0
316,Nafcillin,mg,2,8,38.12500058847945,51.23736852779589,2287.5000353087667,3074.2421116677533,1.0000000000000002,0.0
317,Naloxone (Narcan),dose,2,2,1.0,0.0,59.999999999999986,0.0,1.0000000000000002,0.0
318,Naloxone (Narcan),mcg,14,26,28.923076195260712,17.1471814339789,1735.3845717156426,1028.830886038734,1.0000000000000002,0.0
319,Naloxone (Narcan),mg,263,656,0.8031543959933625,0.7807794596782693,10.752578961561452,28.867788444240716,127.07621951219512,185.87580269912726
320,Neostigmine (Prostigmin),mg,1990,2016,3.1065972776444157,6.270689020085084,186.3958366586649,376.24134120510445,1.0000000000000002,0.0
321,Nepro (1/2),ml,3,12,502.84240790953237,380.60465953526017,74.28663827478886,35.812598734823574,388.9166666666667,215.49581659442248
322,Nepro (Full),ml,1274,16583,323.4246547726921,285.1001723785585,51.37706200389646,248.62124923423826,484.90249050232165,385.68251733889605
323,Nesiritide,mg,18,57,0.673433091648939,0.4645779958275686,0.08984130587171087,0.06768393480117098,575.2982456140351,484.7711155392336
324,Nicardipine,mg,2805,37155,12.625061535979459,19.466684966863898,7.8953560637503095,32.19134353374052,101.20920468308438,131.46378546766073
325,Nicardipine 40mg/200,mg,757,10355,9.284152260843465,11.139037978676466,6.915936932339747,5.592045954241311,89.26953162723322,110.89191354637913
326,Nitroglycerin,mg,7277,76029,8.102034400693176,15.880010709742654,6.509068012027978,24.087787419401906,79.76044667166477,146.32267276411628
327,Nitroprusside,mg,562,7371,9.164251613945849,15.746881201628147,6.766138533788166,35.73645231022589,94.01248134581468,140.74413925378852
328,Norepinephrine,mg,10577,332191,1.166531605706617,2.0348127682560486,0.7680507050950358,4.392168178888909,104.48884226243337,143.6943577736629
329,NovaSource Renal (1/2),ml,15,130,334.84296187380187,283.07634203978876,43.19644562326945,20.762307016703833,469.8615384615385,339.369496417091
330,NovaSource Renal (3/4),ml,7,59,517.9315225330449,482.4869119405433,57.85363571623624,32.96483416128077,579.6779661016949,633.5084421144477
331,NovaSource Renal (Full),ml,290,4222,292.6507320610338,268.2754785789824,45.45903836252553,180.626581359761,505.8900994789199,418.9826531440989
332,Nutren 2.0 (1/2),ml,7,45,242.51397120555242,182.08477868793602,37.3235946893692,18.7304361988994,398.93333333333334,260.1308586776349
333,Nutren 2.0 (1/4),ml,6,29,321.73397698022166,284.0475234605466,38.02437651773979,30.77528869118607,547.0344827586207,454.7352827084143
334,Nutren 2.0 (2/3),ml,3,17,162.09663371303503,130.08809427044804,43.65314441568711,18.527623945369122,230.88235294117646,148.44185829515087
335,Nutren 2.0 (3/4),ml,8,82,664.5593344478345,543.1365246970171,45.593387390055305,11.222769691025679,840.3780487804878,616.9770318122062
336,Nutren 2.0 (Full),ml,338,3766,299.3612380870883,261.5293747464504,34.19899887016089,31.487359101321843,543.1080722251726,418.50781566196224
337,Nutren Pulmonary (1/2),ml,6,43,422.9092207779718,537.8884449128441,81.1997851244239,203.1566089411117,436.93023255813955,327.6532280838298
338,Nutren Pulmonary (3/4),ml,2,13,312.60859582286616,192.6256155647318,64.53273887817676,17.814680298543443,282.61538461538464,139.64510879460266
339,Nutren Pulmonary (Full),ml,438,5693,317.0708233879602,346.39926893662647,44.04442613787037,75.702882633723,463.4841032847356,391.03822691282227
340,Nutren Renal (1/2),ml,7,80,294.6513514723629,326.2204151934287,57.06573577970266,28.905217998724478,332.95,330.914953317486
341,Nutren Renal (1/4),ml,1,3,505.05640666683513,403.7616639991154,30.003021359443665,8.662870193761927,907.0,630.3427638991345
342,Nutren Renal (3/4),ml,3,61,567.3896658102997,865.6113153850231,42.81058827873136,17.497498975158116,738.1147540983607,1159.7683690915849
343,Nutren Renal (Full),ml,128,1718,312.6707544516603,306.2684065902946,35.87002863415774,51.754051289673576,549.2037252619325,461.5538244297765
344,OR Autologous Blood Intake,ml,203,203,667.7931034482758,532.9670605909661,40067.58620689655,31978.02363545795,1.0000000000000002,0.0
345,OR Cell Saver Intake,ml,6582,6732,528.1699346405229,499.5054900602415,31690.196078431367,29970.32940361451,1.0000000000000002,0.0
346,OR Colloid Intake,ml,1887,2028,973.6099605522683,1300.2732027596746,58416.59763313608,78016.39216558042,1.0000000000000002,0.0
347,OR Cryoprecipitate Intake,ml,541,572,313.39335664335664,360.0953281421935,18803.601398601397,21605.719688531604,1.0000000000000002,0.0
348,OR Crystalloid Intake,L,10,10,4.6,2.7568097504180447,275.99999999999994,165.40858502508263,1.0000000000000002,0.0
349,OR Crystalloid Intake,ml,15872,20236,2263.6819529551294,1552.51017118433,135820.91717730774,93150.6102710597,1.0000000000000002,0.0
350,OR FFP Intake,L,1,2,3.0,2.8284271247461903,179.99999999999997,169.70562748477138,1.0000000000000002,0.0
351,OR FFP Intake,ml,2163,2442,1095.523751023751,1565.7158038219293,65731.42506142505,93942.94822931565,1.0000000000000002,0.0
352,OR FFP Intake,uL,1,1,2.0000000949949026,,120.00000569969413,,1.0000000000000002,
353,OR Packed RBC Intake,ml,4336,5004,1072.242206235012,1470.4786964560801,64334.53237410071,88228.72178736485,1.0000000000000002,0.0
354,OR Packed RBC Intake,uL,1,1,2.0000000949949026,,120.00000569969413,,1.0000000000000002,
355,OR Platelet Intake,ml,1914,2155,460.0097447795824,404.4026675809551,27600.58468677494,24264.160054857253,1.0000000000000002,0.0
356,Octreotide,mcg,748,4296,423.92405326068024,139.44762135090002,51.808547857065605,36.84569770157824,510.671322160149,189.0065233500995
357,Octreotide,mg,403,1802,0.4968133144967288,0.17471440272201974,0.05143300071125086,0.022981878086401737,598.7502774694783,223.6108671143908
358,Omeprazole (Prilosec),dose,2128,3448,1.00377030162413,0.06585887030212484,60.22621809744778,3.951532218127479,1.0000000000000002,0.0
359,Omeprazole (Prilosec),mg,12,16,32.50000230036676,10.000000707805157,1950.000138022005,600.0000424683093,1.0000000000000002,0.0
360,Ondansetron (Zofran),grams,1,1,4.0,,239.99999999999994,,1.0000000000000002,
361,Ondansetron (Zofran),mg,1757,3123,4.153378360603258,1.284053436986488,249.20270163619546,77.04320621918919,1.0000000000000002,0.0
362,Optisource,ounces,1,1,4.000000053822889,,240.0000032293733,,1.0000000000000002,
363,Osmolite 1.5 (Full),ml,854,10973,325.462485144815,286.6612590923055,50.619311601732896,73.38489326042388,420.11482730338105,321.50230677086296
364,PACU Colloid Intake,ml,233,239,1031.6443514644352,1474.4587652062676,61898.6610878661,88467.52591237602,1.0000000000000002,0.0
365,PACU Crystalloid Intake,L,1,1,5.0,,299.99999999999994,,1.0000000000000002,
366,PACU Crystalloid Intake,ml,2126,2250,1898.7755555555555,1515.7162691779615,113926.53333333331,90942.97615067767,1.0000000000000002,0.0
367,PACU FFP Intake,ml,38,38,494.8157894736842,327.5143780844782,29688.947368421046,19650.862685068692,1.0000000000000002,0.0
368,PACU PO Intake,ml,121,131,653.2519083969465,1668.0999340267883,39195.11450381679,100085.99604160729,1.0000000000000002,0.0
369,PACU Packed RBC Intake,ml,173,175,600.0057142857142,480.1795580958609,36000.34285714285,28810.773485751644,1.0000000000000002,0.0
370,PACU Platelet Intake,ml,22,23,318.4347826086956,132.72933021308523,19106.086956521736,7963.759812785114,1.0000000000000002,0.0
371,PO Intake,L,1,2,1.0,0.0,59.999999999999986,0.0,1.0000000000000002,0.0
372,PO Intake,ml,39087,427639,187.7973594550544,141.04537383431423,11267.841567303261,8462.72243005875,1.0000000000000002,0.0
373,PO Intake,pL,1,1,119.9999957179898,,7199.9997430793865,,1.0000000000000002,
374,Packed Red Blood Cells,ml,12944,52424,325.4092916599666,97.55681796788375,379.5344533923851,1019.4949115811842,83.93230199908439,58.126867676903615
375,Pamidronate,mg,9,10,58.000002428889275,23.47575652505123,3480.0001457333556,1408.5453915030735,1.0000000000000002,0.0
376,Pantoprazole (Protonix),dose,11501,49614,1.0054218567339863,0.35337993907741905,60.32531140403916,21.202796344645144,1.0000000000000002,0.0
377,Pantoprazole (Protonix),mcg,2,2,39.99999898951501,0.0,2399.9999393709,0.0,1.0000000000000002,0.0
378,Pantoprazole (Protonix),mg,2156,8090,64.91082993952536,23.272651893841488,193.23333478188985,709.5920585147987,457.7512978986403,210.1353894287938
379,Penicillin G potassium,dose,118,1826,1.0,0.0,59.999999999999986,0.0,1.0000000000000002,0.0
380,Penicillin G potassium,mg,1,1,250.0,,14999.999999999996,,1.0000000000000002,
381,Pentobarbital,mg,65,768,1106.428076499488,1073.1793010365045,273.2262925235318,566.9412188082199,403.4830729166667,490.0434402955771
382,Peptamen 1.5 (1/2),ml,4,35,417.05116665107863,278.56731698278486,42.659632086753845,30.579029395123737,805.5428571428571,545.8122033671817
383,Peptamen 1.5 (1/4),ml,2,17,309.61314194167363,186.83388211915832,50.813645755543426,14.474648197388284,358.29411764705884,174.7601086868376
384,Peptamen 1.5 (3/4),ml,2,60,437.9369322091341,150.07797768407548,53.19290858507156,8.434999480422997,490.58333333333337,157.61079413980042
385,Peptamen 1.5 (Full),ml,161,2196,315.80489916502006,336.18856662678377,42.06402721911506,33.209067359956414,444.8224043715847,363.9716857605841
386,Peptamen Bariatric (Full),ml,207,2669,381.86936757386945,357.139483648454,50.78331497966484,47.003736761833586,460.23641813413263,391.7429624871768
387,Peripheral Parenteral Nutrition,ml,154,363,921.620887731964,581.3900537187366,75.44855673451069,334.97401802104764,950.6611570247934,509.99352536869975
388,Phenylephrine,mg,12113,190916,9.401598990806365,20.773781914687376,6.743803451406528,29.00828855730822,88.02885038446227,125.80054216429915
389,Phenylephrine (200/250),mg,216,7088,19.638560467028434,37.03324777808706,11.7333935937322,32.358103489697804,98.90857787810384,150.8049876984388
390,Phenylephrine (50/250),mg,1986,33528,6.182420918433949,10.046861995234599,5.672106055987894,12.724663051678887,75.93259365306609,104.90863949317696
391,Piggyback,ml,18933,93700,102.84279318540007,95.28162648212522,128.38123479411186,179.42124055972872,70.58009605122732,106.99309632731237
392,Piperacillin,dose,2843,10823,1.0000923958237087,0.016649460852546934,60.005543749422515,0.9989676511528183,1.0000000000000002,0.0
393,Piperacillin,grams,8,18,3.7777777777777777,0.6467616667635546,226.66666666666663,38.80570000581327,1.0000000000000002,0.0
394,Piperacillin,mg,6,14,3536.5714286121406,1914.4656499830344,212194.2857167284,114867.93899898205,1.0000000000000002,0.0
395,Piperacillin/Tazobactam (Zosyn),dose,7132,60267,1.0265319328986011,6.513416453065998,61.59191597391606,390.8049871839619,1.0000000000000002,0.0
396,Piperacillin/Tazobactam (Zosyn),grams,30,92,2.7717391304347827,1.0282093778048458,166.3043478260869,61.692562668290726,1.0000000000000002,0.0
397,Piperacillin/Tazobactam (Zosyn),mg,23,76,3564.6578952161544,1499.7302640930645,213879.47371296922,89983.81584558384,1.0000000000000002,0.0
398,Plasma Pheresis,ml,76,120,335.2166778455178,424.7430412944083,663.7601192593575,1892.7720187952466,52.68333333333333,42.207168799141414
399,Platelets,ml,3512,10729,257.87900262059253,79.6935241591323,382.73738289722576,376.3716139561783,50.49734364805667,19.958635856562047
400,Potassium Chloride,mEq,23671,174715,18.86443339939445,49.61886016599528,16.664329726319128,16.210531213003247,107.54053172309189,167.93683692127502
401,Potassium Chloride,nMol/ml/min,1,1,29.567999601364136,,5.039999932050705,,352.0,
402,Pre-Admission/Non-ICU Intake,L,27,28,3.1785714285714284,1.5166623059417514,190.7142857142857,90.99973835650506,1.0000000000000002,0.0
403,Pre-Admission/Non-ICU Intake,ml,12440,15126,2280.533320111067,2134.958426129867,136831.99920666398,128097.50556779199,1.0000000000000002,0.0
404,ProBalance (Full),ml,36,382,350.3983862595096,355.13854158737934,44.545069751939224,27.774225166794533,459.24869109947645,368.1277072654949
405,Procainamide,mg,24,165,823.2278740425086,418.1800684820287,336.97570527014744,518.4611705006106,259.53333333333336,210.88924770302532
406,Profilnine,units,7,7,2215.714307512556,381.3946853289167,3658.5714503696986,3749.588539234941,52.857142857142854,18.89822365046136
407,Promote (Full),ml,817,10209,322.25106552778647,309.2947364179409,53.928998345462645,173.64877534839474,378.4818297580566,310.41702769250344
408,Promote with Fiber (Full),L,1,3,0.6580000178813934,0.4677253663703847,0.06006018161773682,0.00010423761960185161,657.0000000000001,466.6304747870632
409,Promote with Fiber (Full),ml,1079,11990,419.83280144898225,367.36689716786674,56.42088280663553,281.2867012047929,456.6451209341118,345.3442746422158
410,Propofol,mcg,54,260,14.20192273214455,13.896424271891066,852.1153639286729,833.7854563134632,1.0000000000000002,0.0
411,Propofol,mg,21523,396802,320.97910296518097,356.1268120272588,335.43358585276707,604.0909403080924,114.45044631831493,150.31514466424062
412,Protamine sulfate,mg,384,452,42.704646699686855,15.134271369248466,2562.278801981211,908.0562821549079,1.0000000000000002,0.0
413,Pulmocare (1/2),ml,1,2,890.6833676099777,147.10179603181598,80.00134348869324,0.0018966081829902314,668.0,110.30865786510141
414,Pulmocare (1/4),ml,1,1,49.66666814684868,,10.000000298023224,,298.0,
415,Pulmocare (Full),ml,183,2284,322.96889124681843,297.3163194929069,49.89745905843846,139.16196056376913,449.8393169877408,370.3922746993486
416,Pyrazinamide,dose,4,14,1.0,0.0,59.999999999999986,0.0,1.0000000000000002,0.0
417,Quinine,dose,8,20,1.0,0.0,59.999999999999986,0.0,1.0000000000000002,0.0
418,Ranitidine,mg,6,45,17.046578051870004,12.641720536027314,1.0018746227918502,0.5374976462124796,1037.9555555555555,518.1583627510888
419,Ranitidine (Prophylaxis),dose,3355,6226,1.0003212335367813,0.01792154940289012,60.01927401220686,1.0752929641734077,1.0000000000000002,0.0
420,Ranitidine (Prophylaxis),mg,22,28,150.7142917253077,62.918442982404294,9042.85750351846,3775.106578944256,1.0000000000000002,0.0
421,Replete (1/2),ml,18,130,222.68579810215877,202.54833323967333,40.548280202425445,45.34270490280406,438.7692307692308,596.4278488559002
422,Replete (1/4),ml,3,14,135.89622596012694,91.33223798671067,22.7090157355581,8.110516921531893,420.07142857142856,377.3605629971082
423,Replete (2/3),ml,4,38,189.08152387173553,159.55684815042042,48.635385726627554,23.431710415400868,240.44736842105263,170.51697186963628
424,Replete (3/4),ml,16,150,368.7915258191029,360.25427390336944,66.49034189581872,25.618258177735136,326.02666666666664,255.87423364846677
425,Replete (Full),ml,347,3038,333.2980733138446,351.3897186576644,54.02576658703078,67.38736284537337,389.98683344305465,344.8932985433194
426,Replete with Fiber (1/2),ml,36,199,294.6597891656598,254.71673396761096,50.128048450204,56.95882367113703,455.6030150753769,444.5305640955476
427,Replete with Fiber (1/4),ml,10,59,293.1832438603801,253.1880813865743,42.614176263243465,16.899345476674934,396.89830508474574,294.77113827950484
428,Replete with Fiber (2/3),ml,3,26,231.34212097239035,169.8373862416056,45.59968141409067,21.47525990790701,323.53846153846155,191.92023984337467
429,Replete with Fiber (3/4),ml,19,172,306.3001415252166,256.84060084596473,80.0200781728639,294.59961561460153,323.06976744186045,264.9047844257282
430,Replete with Fiber (Full),ml,1593,19811,379.9503735741209,390.17772595616555,55.66019005733872,99.97993966573017,420.5708444803392,342.9372245702559
431,Resource Fruit Beverage,ml,2,4,235.0,5.773502691896254,14099.999999999996,346.41016151377397,1.0000000000000002,0.0
432,Rifampin,dose,81,400,1.0,0.0,59.99999999999998,0.0,1.0000000000000002,0.0
433,Rifampin,mg,2,2,600.0000238418579,0.0,36000.00143051147,0.0,1.0000000000000002,0.0
434,Rocuronium,mg,790,2427,140.93437495630175,119.9011298940307,1540.8444539954646,2362.707006970973,160.49072929542646,187.24626859735048
435,Sodium Acetate.,mEq,2,17,103.89855012155192,94.48835040622177,43.84055634193561,120.88932041492968,349.29411764705884,291.1401648488839
436,Sodium Bicarbonate 8.4%,/hour,1,4,2.490271652583033,1.843395993068894,0.9382211789488792,0.23860702450229337,181.25,154.93520150910402
437,Sodium Bicarbonate 8.4%,mEq,2947,8393,102.5945517289151,142.5613073733368,40.41315629854223,91.34971623721168,266.1301084236864,216.30409414557423
438,Sodium Bicarbonate 8.4% (Amp),ml,2066,4984,60.560794542536115,33.62650200984252,3633.647672552166,2017.5901205905527,1.0000000000000002,0.0
439,Solution,ml,31366,559181,36.557084801489836,39.73334247795496,382.0332757847797,1283.50187740161,160.6838805324215,276.2811039693375
440,Sterile Water,ml,7035,71014,73.47338258727494,79.05654842285759,59.73099556354536,957.2174608611548,170.87033542681723,143.82443292651743
441,TPN w/ Lipids,ml,879,6807,1272.1939094189088,700.1882839911298,80.14581380159963,162.8987739970953,1004.7474658439842,523.5455072507755
442,TPN without Lipids,ml,1023,4393,963.8142671705356,618.3519000521712,68.41868232026604,325.01033138551793,974.786706123378,531.2611488476855
443,Tamiflu,dose,107,169,1.0,0.0,59.999999999999986,0.0,1.0000000000000002,0.0
444,Tamiflu,mg,3,7,139.2857198204313,28.34733660211395,8357.143189225875,1700.8401961268366,1.0000000000000002,0.0
445,Thiamine,dose,13,30,1.0000000447034836,1.369632825259155e-08,2.8857144098728895,1.6881839471913846,30.466666666666665,23.456097410846642
446,Thiamine,grams,1,1,2.0000001043081284,,4.000000208616257,,30.0,
447,Thiamine,mg,3531,10817,289.386171026488,199.35909306956742,399.0305811759471,359.22434399812175,100.1263751502265,158.67532845387615
448,Tigecycline,dose,44,351,1.0,0.0,59.99999999999999,0.0,1.0000000000000002,0.0
449,Tigecycline,mg,5,8,62.500000931322575,23.145502839208646,3750.000055879354,1388.7301703525186,1.0000000000000002,0.0
450,Tirofiban (Aggrastat),mg,142,186,4.095879983937736,3.7420688165957356,0.9289358062262416,1.9661456631319814,322.11290322580646,279.38311029676316
451,Tobramycin,dose,587,1622,1.1652281134401974,4.707202329699839,69.91368680641182,282.4321397819907,1.0000000000000002,0.0
452,Tobramycin,mg,20,22,391.8181952427734,190.90353150694418,23509.0917145664,11454.211890416645,1.0000000000000002,0.0
453,Treprostinil (Remodulin),mcg,1,2,2261.1049926126725,1040.7125821510876,108.02160659295623,0.030560581073573064,1256.0,578.4133470105959
454,Treprostinil (Remodulin),mg,9,133,1.5863349769230224,3.0045730267519177,0.14254306746040943,0.14599302776343648,791.2857142857143,1137.3174350426304
455,Two Cal HN (1/2),ml,2,14,403.4088751375675,396.343732216882,59.71298575401306,20.6172220117024,349.42857142857144,256.80543796234724
456,Two Cal HN (Full),ml,388,4924,298.9760998635323,252.37463197972804,42.95826655025741,166.3854979514299,500.08489033306256,386.58667313185134
457,Valgancyclovir,dose,58,91,1.0,0.0,59.99999999999999,0.0,1.0000000000000002,0.0
458,Vancomycin,dose,21071,118443,2.0809908563613884,36.63894787979718,124.85945138168327,2198.33687278786,1.0000000000000002,0.0
459,Vancomycin,grams,569,918,36.97538126372044,221.82192260335296,2218.522875823226,13309.315356201176,1.0000000000000002,0.0
460,Vancomycin,mcg,2,2,625.0000151339918,176.77668311356348,37500.0009080395,10606.60098681381,1.0000000000000002,0.0
461,Vancomycin,mg,1395,2965,1101.5556612180415,393.30295263845557,66093.33967308248,23598.17715830735,1.0000000000000002,0.0
462,Vanilla Lactose Free Scandi Shake (mixed),ml,1,2,120.0,169.7056274847714,7199.999999999998,10182.337649086281,1.0000000000000002,0.0
463,Vasopressin,units,3678,24669,19.000836674927587,19.924668922886475,2.4824788501131203,16.424831501284096,483.3637763995298,488.6705757776714
464,Vecuronium,mg,451,722,13.44895529090992,17.080450039537173,487.6551667875699,715.2133066854924,69.41828254847645,198.9472559499836
465,Verapamil,mg,38,103,13.96796200650482,26.063081643278057,838.077720390289,1563.784898596683,1.0000000000000002,0.0
466,Vital 1.5 (Full),ml,287,3761,313.6994727682228,293.49447588502744,48.10126198864275,98.25875991896964,429.4137197553842,356.30264756633807
467,Vital High Protein (Full),ml,773,10129,367.19181082179347,346.59082921253366,48.93457603141679,39.0191966934259,450.4189949649521,369.7017456078702
468,Vitamin K (Phytonadione),mcg,1,1,500.0000055588316,,2000.0000222353265,,15.0,
469,Vitamin K (Phytonadione),mg,1607,2293,9.123903040816025,22.522589764819955,14.331523554814545,25.78179166388812,47.45050152638465,71.7334897846573
470,Vivonex (1/2),ml,4,26,256.9064531332025,244.11276687608867,49.71222855723821,31.36482082460142,343.38461538461536,270.895415527554
471,Vivonex (3/4),ml,1,3,534.5833384990692,111.14696058421517,76.25820636749268,2.1792773549039928,420.0,82.93973715897586
472,Vivonex (Full),ml,158,2104,293.0344876652865,313.23186316261416,52.16295526333741,43.30259350196869,375.52661596958177,322.87927526459504
473,Voriconazole,dose,221,1686,1.0005931198102016,0.024354051207174154,60.035587188612084,1.4612430724304493,1.0000000000000002,0.0
474,Voriconazole,mg,15,25,296.2000095844269,87.83602621086527,17772.00057506561,5270.161572651914,1.0000000000000002,0.0
