,CODE_INDEX,N_POSITIVE_CODES,AUC(GRU),AUC(ICENODE),AUC(ICENODE_UNIFORM),AUC(RETAIN),VAR[AUC(GRU)],VAR[AUC(ICENODE)],VAR[AUC(ICENODE_UNIFORM)],VAR[AUC(RETAIN)],P0(AUC_GRU==AUC_ICENODE),P0(AUC_GRU==AUC_ICENODE_UNIFORM),P0(AUC_GRU==AUC_RETAIN),P0(AUC_ICENODE==AUC_ICENODE_UNIFORM),P0(AUC_ICENODE==AUC_RETAIN),P0(AUC_ICENODE_UNIFORM==AUC_RETAIN)
0,0,442.0,0.525181419599709,0.6249172288646805,0.5931094397010274,0.5659176634404841,0.00021005806361367886,0.00022440417734670561,0.0002213173850957822,0.00020665003592822446,2.297836641640651e-11,4.870626101261598e-07,0.0013799345466379192,1.9772126588749064e-08,4.976765900515723e-06,0.019276601570792695
1,1,7180.0,0.5824785389792687,0.602588389875523,0.6111989465271471,0.61224384543501,1.1873310202233964e-05,1.3221429508391558e-05,1.3661399320664253e-05,1.2572015007906141e-05,3.3923846586745453e-11,1.7515563215166207e-21,6.0639228859258344e-33,5.613220507246293e-15,0.0012364184533541348,0.7273524029307696
2,2,3703.0,0.7851033213677159,0.7637130397508799,0.7716437205683933,0.7908950227455506,1.5839124340435458e-05,1.9662607812461067e-05,1.906621943173935e-05,1.6845407583107343e-05,1.6081272050071974e-12,1.0979978257577126e-06,0.029499569800544186,1.490663362215174e-15,9.881523990138208e-20,1.5380313834681909e-12
3,3,42003.0,0.9294613187785616,0.9174245064406259,0.918554211188565,0.9223699092247422,6.028105606730018e-07,7.601518487484284e-07,7.40470562670688e-07,7.510704561989765e-07,1.236130093570079e-111,1.3694947652320926e-103,6.779647083118546e-44,1.4871610447720484e-08,3.5156737990499854e-14,3.5373909871043397e-09
4,4,12040.0,0.58249682869382,0.6264188331359324,0.5961478575927472,0.5654124433650467,6.5602308291783235e-06,7.248876080996578e-06,7.3240949493109976e-06,6.970597604235282e-06,1.316200101754194e-59,1.9235016479049115e-07,1.3955319746053752e-16,1.3636631430189433e-226,2.302644407314748e-136,1.0755425433852586e-38
5,5,10649.0,0.7874894586154363,0.7868293931299969,0.7926357963658738,0.8097090747432892,6.0395590662817885e-06,6.940080351955833e-06,6.67745661752248e-06,5.866873274735912e-06,0.7409979924791106,0.007790451864317344,8.91883290548321e-37,3.8466520405090034e-14,1.485663922586426e-29,2.4598864767440357e-18
6,6,14253.0,0.5376733132370538,0.5716031189385388,0.5721966412931924,0.6796743349876274,6.903998674133568e-06,7.238612494641275e-06,7.0516725198557046e-06,6.05853345845167e-06,7.76291087442653e-40,5.721635126549636e-41,0.0,0.46099650924303914,0.0,0.0
7,7,13166.0,0.8600027553281897,0.8692744331101994,0.8707105790244392,0.8841455364889321,3.9886790273994055e-06,3.871196182457543e-06,3.694071573494655e-06,3.563345969672274e-06,4.917921041210515e-12,2.1449753365835854e-17,2.2939149793823153e-97,0.012608945575826778,3.400300014775514e-28,2.060948680080783e-27
8,8,37761.0,0.8399273339281043,0.8388509577459541,0.8371022743056031,0.8261169448630892,1.7028965347216784e-06,1.7964352976344612e-06,1.7660514968690394e-06,1.9896345082866133e-06,0.19231973665209723,0.00026355047787271995,3.3907029260443786e-68,5.750557499104107e-06,7.850299268368752e-39,2.5133110356394615e-29
9,9,706.0,0.6551560645852,0.607986116624354,0.6176908406816458,0.6564047537625172,0.00012252644411917885,0.00012924947558598887,0.00013674725226830452,0.0001345110292097617,1.7271253579074003e-06,0.0002250870435441828,0.8606251424396079,0.005861303766638813,1.0046621928132939e-06,7.670411476108922e-05
10,10,29786.0,0.9007071697843985,0.905607379952997,0.9081315997346607,0.8999699911537187,1.0088196172107142e-06,1.10851545432194e-06,1.0641860403121292e-06,1.0775003994436154e-06,5.98592981708635e-13,3.4053084873794327e-29,0.24704207930651279,1.5928081931140762e-26,1.8453590327051086e-12,4.445499205589491e-25
11,11,3044.0,0.6549368620971273,0.672118614228023,0.6590885280149257,0.6556952951971566,3.373718538328451e-05,3.1781719642313954e-05,3.3637552441788194e-05,3.437076289011369e-05,1.0277776618982948e-05,0.2651992029743315,0.8218225593579936,3.925878480722412e-15,9.576400329683297e-05,0.3890213424650125
12,12,861.0,0.828734392602348,0.8459354479959562,0.8240507969371984,0.8396881308223676,8.661926682013877e-05,8.306541125859342e-05,9.077285996673872e-05,8.512536842292115e-05,0.010866664534000016,0.4692975841929562,0.10806582755920525,2.2968382038882764e-20,0.39496162404424173,0.039488388132933136
13,13,2442.0,0.7830680696986283,0.7707078822814284,0.7832517189700771,0.7996223533281684,2.620987285274516e-05,3.090122716021159e-05,2.85715048263934e-05,2.6042187729629306e-05,0.0003003949888595014,0.9533543994905467,2.8297678795561056e-07,1.51203783180772e-18,1.0677898644331139e-13,4.891193514777025e-06
14,14,1959.0,0.762447300992336,0.7517611451759438,0.744729659685591,0.7403410685794226,4.3948919574756755e-05,4.6749329723705386e-05,4.842310590789717e-05,5.013345345223873e-05,0.029856279930280196,0.0002823585484978311,6.976568142442255e-08,0.00011739446642593446,0.034394879859225,0.4080355205030878
15,15,571.0,0.573559774326528,0.6016882697391591,0.5761385516860298,0.5798176504998225,0.00012629263286022843,0.0001383828576666212,0.00013156389798264732,0.00013910342796185377,0.022159193361233443,0.8182549163118953,0.43832078174880584,1.5292395987931642e-06,0.07527015915429514,0.7457292329787379
16,16,4504.0,0.8614574249529908,0.8527188991231991,0.8429240263599751,0.8889849337593709,1.0745442948095716e-05,1.2792138635558905e-05,1.3309279089805082e-05,9.690893006404589e-06,0.003689688406256529,4.844179104908638e-10,3.8363351094153006e-26,1.7485056107137215e-16,1.789169028629154e-33,5.722821255696579e-50
17,17,9882.0,0.8677458856354128,0.8495137853858235,0.8500036290847286,0.8847192285708758,3.923517498754541e-06,4.92295840638502e-06,4.714677325132765e-06,3.6465441227949336e-06,3.821029811734747e-32,1.1582966208241727e-36,3.867653797320301e-47,0.4358420680294883,1.0866765086988963e-104,1.4695192479024392e-112
18,18,3260.0,0.8130640237210426,0.7837757804760268,0.7778540696938298,0.807808867491997,1.9504241950004894e-05,2.384833055197289e-05,2.4534920100578328e-05,2.187973670122814e-05,1.6272260490408287e-17,1.1303772416969256e-24,0.046964629604410384,3.05641888689831e-07,4.063730080909074e-11,2.0324238784067837e-16
19,19,643.0,0.6919326225602893,0.6906867419089489,0.6439384239251835,0.6689243061605938,0.00011291660602503311,0.00013235774286181353,0.0001328524890494823,0.00013504733495107811,0.8929486471670007,8.964391246569927e-07,0.003756162586478974,3.9697853919556907e-26,0.015815354631613474,0.008037382182718477
20,20,23663.0,0.7146829353214122,0.6900928956878198,0.7070893650432222,0.7125608676480428,3.44009136071762e-06,3.819388959276977e-06,3.427699916759323e-06,3.758440495034234e-06,1.853646641191365e-46,5.348324500084661e-07,0.15310050303298167,7.826394884542369e-82,2.48713778440763e-39,0.0008327782419498506
21,21,12675.0,0.8009728120405063,0.794462149397106,0.7934945526934138,0.8176998566179264,5.529643190978012e-06,6.205118963470399e-06,5.941814603281502e-06,5.7299497061900755e-06,0.000674505285930288,5.1679827529530114e-05,3.486747633329236e-18,0.135147684198717,4.0535025897430275e-33,9.0981566442075e-35
22,22,296.0,0.46240554045640564,0.5130849423647009,0.4556713133542955,0.5170032074249908,0.0003254985480226335,0.0002770570076824662,0.0002634153643139432,0.0002601975190502879,0.0011652988091218292,0.6770692208245952,6.833887262159707e-05,1.034617748478609e-17,0.8074957127536904,0.00015386317774676415
23,23,687.0,0.8736885891953349,0.9095668242054217,0.8900732656008679,0.8984306759995999,7.284201700955031e-05,6.68497420362226e-05,7.377250793004762e-05,6.687125456316242e-05,3.4528563506592787e-09,0.0035750103944315495,1.8386833141492194e-06,1.7844286780166775e-16,0.060554739851555,0.16405155046097952
24,24,1992.0,0.6089444238333466,0.5936948000538608,0.5878844663128736,0.6110815853055815,4.396745013382112e-05,4.48813444443061e-05,4.55333198544873e-05,4.2447935635320375e-05,0.005865801923739327,0.00014957369955808958,0.669326025411783,0.0007877622688631688,0.001117224570971643,2.1911270754534208e-05
25,25,3370.0,0.7086181164264073,0.6854065242386574,0.6759633415324005,0.7577351359427176,2.506323679183467e-05,2.957275877499226e-05,2.902566803380782e-05,2.368802964859791e-05,2.1470381400386747e-07,3.3858821801107857e-13,2.4374130035609607e-42,3.4489534218645205e-11,3.590341517766152e-55,3.919499464471551e-68
26,26,8478.0,0.6608111090687596,0.6663213100417765,0.6681986281824311,0.6532967216886085,1.0508125809786302e-05,1.0270083954398204e-05,1.041991978229788e-05,1.0775170388680637e-05,0.048126115476121445,0.007985679524878065,0.003434658102214166,0.06000213680361114,1.1076384839913724e-06,1.53634278752558e-08
27,27,933.0,0.4856335000624312,0.4947360490701989,0.48343213613587654,0.4724245430030172,8.353167643599059e-05,8.712728016835803e-05,8.497119046454727e-05,8.62490226263212e-05,0.28461455472991914,0.7880928764485138,0.034864971278315234,0.0008269673560468013,0.00840222508068026,0.18046395370632562
28,28,161.0,0.7492071835035938,0.7729085966036203,0.7619886543051575,0.7918112367024577,0.0002928583210829736,0.00032492178269176604,0.0003123086408637036,0.0003405598420256822,0.026621293438515454,0.19011931781401759,7.898934002191235e-08,0.01222405623120404,0.11744905231654486,0.006990872553673965
29,29,436.0,0.4698641487210681,0.4978072378883471,0.46654323072219717,0.4473183890216538,0.00019123161276382488,0.00019499167312890916,0.00017903063126852825,0.0001724558500155658,0.013233239676364658,0.7633652713642269,0.014038784403214535,1.5825952106373776e-10,6.208533489799283e-06,0.06160383162033037
30,30,2430.0,0.5753596225919495,0.5769080574398744,0.581991692060899,0.58739930283666,3.391080634317628e-05,3.682445741735666e-05,3.635849817075534e-05,3.459630930471694e-05,0.7289282654616447,0.1275717827695442,0.0002876951303228991,0.0012729226411753727,0.033315827837591655,0.267202366417842
31,31,17170.0,0.8914485098393158,0.8714457711573025,0.8692216256824955,0.888749990831188,2.5674881979847387e-06,3.3040841070339795e-06,3.402594641285852e-06,2.876396917050321e-06,3.009355393085763e-60,4.480379207613185e-74,0.006783907217980566,1.0958709031858044e-05,8.782968828738095e-36,8.096060887046734e-46
32,32,25452.0,0.8205222305950411,0.8174647889854582,0.8090576704286035,0.843364005340895,2.571601577400977e-06,2.792394676800118e-06,2.835960000282296e-06,2.4195679450881005e-06,0.013364228887308413,1.5520547192452845e-21,3.926004403729552e-122,3.006314722984116e-68,1.695516887647981e-91,1.9483711060104557e-164
33,33,2085.0,0.6854487159268667,0.7015465817529527,0.6874107418774861,0.6966773158396985,4.22549651867015e-05,4.224232056035202e-05,4.404569043795137e-05,4.310577731405619e-05,0.0009105836804706617,0.6959074671278587,0.010773946649215493,4.219886004213778e-12,0.3107081546905667,0.0548373987332598
34,34,694.0,0.8156693750797701,0.8642230617737242,0.8443311851126584,0.8649421239378161,9.318891452556423e-05,8.591358242789938e-05,9.256054155146015e-05,8.953332010197983e-05,2.0582269885052257e-12,3.0554987564067015e-05,2.745250813335902e-10,1.0911378437439563e-14,0.9119024527166923,0.0012706496706266868
35,35,5567.0,0.6172841334792551,0.6231941358469536,0.6312423578573434,0.6270393888090658,1.6438674157421877e-05,1.649243256161991e-05,1.6397424578087293e-05,1.7491718306796228e-05,0.10025472834995817,0.00011157837537837656,0.0020516204573832945,2.303384902311367e-10,0.2853598828465216,0.2532502915306455
36,36,7964.0,0.7406693104421735,0.7318043297268185,0.7327833779671861,0.717595460611442,1.0335657198139181e-05,1.0887532808723061e-05,1.1095455478237093e-05,1.153450391972729e-05,8.91051393246567e-05,0.0005272683639534841,7.663690643642508e-27,0.29857703577258565,2.887909219927128e-08,1.1908752239018816e-08
37,37,394.0,0.43021439230140884,0.3835522410200631,0.3646721805178615,0.4372442241021699,0.00022254250738667507,0.0002405451840710855,0.00021648595086018525,0.00023741412391943212,0.0010842018541587413,5.293388208666917e-06,0.6159690577827198,0.00013913619722991485,5.855956147503719e-06,9.666857095746609e-10
38,38,13129.0,0.6263845982144502,0.6224642287839008,0.6207379571179902,0.6509288640633663,7.2555467291850376e-06,7.6118414488762074e-06,7.569201719325203e-06,7.119886211112675e-06,0.10168437133965369,0.021695049174446066,1.018298758864717e-30,0.021633593626402912,3.6236832957459904e-34,2.9743431916999494e-37
39,39,4085.0,0.6814986490588717,0.6632525163075251,0.666338475475391,0.687380406603583,2.517352646075865e-05,2.6651871724669086e-05,2.615612180020383e-05,2.5909028739318253e-05,3.6153097239362893e-07,1.592835482218176e-05,0.06367234052208558,0.00516589533830805,1.3702987643184765e-09,8.340976287810507e-08
40,40,3458.0,0.56617200755431,0.5983324615409752,0.592940267335355,0.5967640492266878,2.716349028563597e-05,2.8280013612296332e-05,2.7814716862876502e-05,2.7481859495424383e-05,3.985272853207572e-09,5.561503382858734e-07,3.3295140376273613e-11,0.00132411133770927,0.7628175233406848,0.4651751148320843
41,41,741.0,0.5823317517000657,0.5779397332953576,0.5648622293009784,0.5908218447122763,0.00011029003588008001,0.00010871201884032075,0.00011064768710874184,0.00011790901236008434,0.6366217679471078,0.04927909992335643,0.22268733177214883,0.006978628995451359,0.12943600924273505,0.0010474997545737706
42,42,767.0,0.5877064528862022,0.5715054108365739,0.5612709389716929,0.5761883237924189,0.0001094511929210674,0.00011165260057356937,0.00010742235451685905,0.00010508028661804454,0.05011844015425358,0.0013016485341364589,0.08554431285986028,0.00015649138572899714,0.5442968874201191,0.04420909353400651
43,43,43575.0,0.7548229668806812,0.7545623425569056,0.7546006388398773,0.7875531464921808,1.9801667877271194e-06,2.0823839033011417e-06,2.080733006277974e-06,1.8082180646614684e-06,0.8163680140209255,0.8419622409733264,2.017513255982426e-309,0.9221591882154819,2.548010024925672e-189,2.0540007596487803e-196
44,44,2924.0,0.6016826504449853,0.6318819408941266,0.5964170342579945,0.6463073383115997,3.078697987559438e-05,3.3672302804667176e-05,3.373405509948186e-05,3.3439308097903496e-05,2.3026427835600086e-07,0.39282421699099535,1.4470204968167867e-17,1.627176232259662e-62,0.018040277207284527,4.684251087505391e-15
45,45,3366.0,0.9226778959406942,0.8928893628725774,0.8929052090210091,0.921624763412659,9.850970970062095e-06,1.5014778428809273e-05,1.466418520018815e-05,1.173208386678417e-05,4.2566997650682407e-29,2.823075487351573e-31,0.6248556424750643,0.9846690870098347,7.928892174563641e-22,8.378221906368781e-22
46,46,2711.0,0.5889787338086945,0.6023181163234366,0.5940615599650728,0.5676988850497563,3.469172056822543e-05,3.540206966993769e-05,3.5571341732279466e-05,3.48213637900864e-05,0.024478247440007365,0.37505843663087324,2.92312602458959e-05,5.80339242632188e-05,8.745618896563189e-10,1.0125858743521735e-06
47,47,5007.0,0.8199964926721599,0.7862494443298779,0.7925607725627501,0.8365330991390282,1.3195696030747933e-05,1.621218875668213e-05,1.569975333649329e-05,1.2921579123562172e-05,6.407023187668141e-31,6.942989453841955e-25,3.480471184624065e-14,2.3050933956554158e-10,7.676189093411133e-67,2.107767447461878e-59
48,48,575.0,0.6532189506014582,0.6767664450105881,0.6977069077656595,0.6992485085365207,0.00011470528290173221,0.00011914286928495549,0.00011571455266498669,0.00011354119385761716,0.027087977112729464,2.8732980612945503e-06,1.7624117229273962e-11,4.434162902646754e-11,0.035408007450278375,0.8697153316324883
49,49,5000.0,0.60255109298945,0.6416202057132788,0.6308111132524282,0.6613634952536176,1.744412582691928e-05,1.774152043208563e-05,1.7759486998540145e-05,1.6812177618826993e-05,4.5762977448851655e-22,3.063581708487368e-11,3.854989272009346e-62,7.972405592146397e-16,2.8052468964188193e-07,1.4855192797084752e-14
50,50,3801.0,0.9017597371928904,0.8976530832421397,0.8918057038596258,0.930463463335018,1.0843121154468903e-05,1.2391971841113102e-05,1.2794563923138602e-05,9.009369693672061e-06,0.06942974246701195,1.6111712106424116e-05,1.1760067849035502e-38,5.149055605284351e-14,6.292778092802835e-34,1.6150249463822651e-43
51,51,3467.0,0.6522854364993124,0.6771669960700037,0.6744691363978176,0.6490151842771047,2.4940403990463964e-05,2.3081499646737e-05,2.2401550932340867e-05,2.2767717508157795e-05,6.18021501399031e-08,1.8099089329650702e-06,0.439077270513727,0.051760264549101445,4.383504786727993e-10,2.2052885276515628e-08
52,52,4685.0,0.7018771423787389,0.7082148117169377,0.7089834670982501,0.7271708270007017,1.764236842544563e-05,1.8471456263575336e-05,1.7950289015811967e-05,1.7384310948204734e-05,0.08431046917662843,0.04710190254710609,2.915825038304712e-14,0.6105409557246539,1.6413746602981138e-07,3.9083540504476477e-07
53,53,1229.0,0.5802929718123595,0.6359329707700295,0.6149184179457876,0.6312871647463055,7.111122837658627e-05,7.910308870298658e-05,7.862570867625464e-05,7.985358963914336e-05,7.197520974500191e-10,7.346424978251914e-05,8.413112332870956e-13,2.8418045910283687e-15,0.543850144986764,0.027403466074589097
54,54,1576.0,0.7023790242957798,0.7432105028430193,0.734136416299509,0.7343974781337653,4.76455979120353e-05,4.973363764077892e-05,5.12001527773598e-05,5.05425295459065e-05,5.584136154344046e-16,3.515316572893276e-11,3.8800506926612265e-15,2.6981694059766376e-06,0.07145241750262712,0.9578097842180606
55,55,6718.0,0.7235680531566913,0.7247079771990897,0.7177220122446293,0.7479601219663037,1.1953083717497069e-05,1.199026774932213e-05,1.2260611520328959e-05,1.2288034876464696e-05,0.6494042539547533,0.019959156096069134,4.251097028871508e-27,2.815963610912387e-11,4.0974886106324235e-18,6.092809700406664e-29
56,56,1484.0,0.8655649057151221,0.8896367131458605,0.8648251683893572,0.8931492151245307,3.1446735009662566e-05,3.4932561709159116e-05,4.056058620602908e-05,3.1618322272071145e-05,6.22100895964913e-08,0.8643102941776898,1.0925839307285289e-13,2.5795666982359554e-40,0.42350965677940233,1.2585084771221101e-09
57,57,14834.0,0.7791513708210068,0.7648532331032761,0.7602576142417267,0.7872744678077359,5.458399097636001e-06,6.0167752106613805e-06,6.132846776306608e-06,5.398744627356253e-06,1.0129082733997248e-16,1.2163011932440007e-27,6.543392712870698e-09,1.5339133917001433e-15,2.627392982289949e-41,2.1873260396993234e-61
58,58,4242.0,0.7330847589611732,0.7699059797996815,0.7651889068539313,0.7692003335412149,2.0228713566255166e-05,1.9599593003001484e-05,1.9493506152755936e-05,1.8689547634706354e-05,2.2623115695131017e-22,5.0474101885237675e-18,1.0065159980167554e-36,2.9974758388061403e-07,0.8181968889641534,0.1753703534420714
59,59,5141.0,0.6535114968634437,0.6351619012205031,0.6368408365776395,0.6126411660151229,1.7198841606794526e-05,1.9282233945745628e-05,1.93832451702693e-05,1.9761001557318106e-05,2.798303117628493e-07,1.3509747641968238e-06,2.38394248607626e-34,0.11351725569246775,6.040623451184613e-11,3.434645683717092e-12
60,60,1562.0,0.5113246670709822,0.5247097766773073,0.5085825680916083,0.5178438450209498,5.431885835232967e-05,6.030807412602208e-05,5.615905734455766e-05,5.127616138131649e-05,0.04685116847490962,0.6771655909542732,0.22052746785180244,2.114238860197346e-10,0.2931892166137401,0.1271179167474707
61,61,27749.0,0.6560673884134912,0.6351044582636427,0.6454419325080484,0.6705297190145653,3.4962680654242542e-06,3.717816476774962e-06,3.613945405541757e-06,3.341664273127927e-06,6.997004177739291e-43,1.150467208245654e-13,2.034516359238943e-28,1.4640092300691635e-55,3.435743675004539e-104,5.8037351594973795e-59
62,62,2658.0,0.8406929242370461,0.821668686383491,0.8252222633389233,0.8464760811035683,2.0235931463307275e-05,2.49151110106755e-05,2.440656480224282e-05,2.1209064192549052e-05,1.3002114414020698e-08,1.8091283016885152e-06,0.025140170238339872,0.0017791338853508688,2.4053009688205962e-15,9.948627677527944e-13
63,63,22069.0,0.7110113711257844,0.711267975822937,0.7122762395404499,0.6960080695542371,3.1808636215644767e-06,3.4382017662115357e-06,3.442051529149305e-06,3.4970399245965493e-06,0.8626033337136112,0.3922666537952837,4.07122755670983e-29,0.10430274807430967,5.281546069696975e-21,6.855543735769899e-25
64,64,30918.0,0.9235856320513149,0.9141511469959045,0.9156714984726497,0.9161425974848452,8.41098523608611e-07,1.0538960826037822e-06,1.0430789569728029e-06,1.022856214252204e-06,3.915812258447144e-39,4.769049882809955e-34,1.9419099883021694e-39,4.965220085280679e-05,0.017933724402788502,0.5544252053445295
65,65,14916.0,0.7023575033029371,0.6962636377668286,0.701805615047534,0.6983895189540787,5.412029926399172e-06,5.647757152113814e-06,5.606403651706776e-06,5.678833287027003e-06,0.0003766154141539449,0.7446344523993191,0.011064804924954562,1.3627995408484595e-17,0.2565079771778217,0.06329387595898772
66,66,2674.0,0.9412293645610953,0.9352044764392621,0.9224543030185783,0.9523764137363024,8.621300325661978e-06,1.0078550614935456e-05,1.1711211832935657e-05,7.572999072695131e-06,0.0009293662869106752,5.253978481781747e-25,6.01943234930708e-14,1.5516807626597064e-45,9.286994424677084e-17,7.376074614859806e-43
67,67,2782.0,0.6597062882739512,0.6961792012929773,0.6835624551220686,0.6965705673587321,2.97684120536556e-05,3.2175320066363546e-05,3.255239891279436e-05,3.191108141851884e-05,4.471891345070332e-14,1.2105633619023552e-07,1.701361835786433e-21,3.077955371009663e-13,0.9356337346145289,0.005077291282805196
68,68,4626.0,0.685284957449039,0.6614384931355138,0.6698102733861471,0.6938472914985849,1.8484682390618514e-05,2.0866391641501632e-05,2.0366262746888396e-05,1.9472576915018974e-05,5.967673836743549e-12,3.749296240438591e-07,0.0011686915522686346,1.6158484050522054e-10,7.58380894577507e-18,2.7409987307880758e-12
69,69,2568.0,0.7769697872853919,0.7545493140151167,0.7480596201734504,0.7914711892764232,2.959795486728566e-05,3.228031016944705e-05,3.236627662998327e-05,2.909314012892615e-05,1.0055272689601554e-07,9.535243981127518e-13,0.00014476361101686556,2.745525015208364e-05,2.778233311865567e-16,2.2146647822573485e-22
70,70,15916.0,0.6687728017727413,0.648570174866354,0.6536294149524728,0.6796262903412763,5.872090018437773e-06,6.3372070272946915e-06,6.280847837970513e-06,5.698668432694611e-06,7.724027063683831e-22,8.328792323787285e-13,8.51499069337427e-11,4.1452300449750223e-10,2.8509153452533774e-48,1.6361827226732342e-33
71,71,10991.0,0.8551893949059235,0.843895044506741,0.8348677287239288,0.8830653625489631,4.817615569556455e-06,5.347097882531978e-06,5.7589526682850775e-06,4.120652003002615e-06,1.1543691066761747e-08,2.2033617871070327e-25,5.588729926885871e-56,3.037293878316012e-30,7.426930791765842e-91,7.601799376619769e-138
72,72,436.0,0.47911342424136105,0.5008100811090069,0.4780653937795074,0.4826485151369051,0.0001705335109375867,0.00018530858773351569,0.00017490847456394,0.00017065613191526158,0.12603874221079572,0.9362301163165359,0.757369389325236,3.40208098888761e-07,0.1169496136915481,0.6631844908154211
73,73,1119.0,0.5787892065540562,0.6121815238281973,0.5894374721544283,0.6302006381400342,7.676974677735784e-05,8.649483357728047e-05,8.549547340535712e-05,7.740574590195914e-05,7.694297994297383e-06,0.16500647400967805,1.0367288506638748e-12,5.542948180640783e-13,0.028174425819977148,2.9279553869616724e-06
74,74,689.0,0.5661286055910266,0.7302759986622113,0.7014463484020925,0.6598851138860042,0.00010167307776898055,0.00011690124923591424,0.00011526723923544315,9.532141987529289e-05,2.778453339668101e-54,3.362751460953715e-41,1.3678700580482004e-28,1.7290997327655403e-20,7.457690856209255e-15,1.891458468821893e-06
75,75,946.0,0.7068290597480862,0.7253969732732235,0.7499067325401825,0.7693096208429381,4.813431489366912e-05,5.8357862177574516e-05,5.4341156114988714e-05,4.402218474060402e-05,0.0029493573913582983,2.0707124037955763e-15,1.8707487858020553e-43,5.75330781027023e-25,1.9553697666795435e-12,0.000613195847870101
76,76,437.0,0.7658652340767204,0.7345255488134457,0.7649525203121126,0.7796437494680178,7.320726658150397e-05,9.388869525590346e-05,8.24488915150081e-05,6.385376336084955e-05,0.00028892521597150494,0.9185319842997328,0.006917880592364722,1.9223732917855842e-15,6.247641115318452e-08,0.07261545405069508
77,77,1936.0,0.9045348339795101,0.918050206177484,0.8942050414091313,0.9244917002509107,1.8911546021642504e-05,1.747471506068587e-05,2.0856231758416476e-05,1.722353645110718e-05,5.669261053081113e-07,0.0005366524713778259,2.3745411651267334e-14,2.1858021346352543e-75,0.021076268711098207,3.226046941675546e-21
78,78,370.0,0.5574310247898911,0.5838864328509521,0.5812355299425885,0.5923878682109909,0.00018689461739015045,0.00020984989976647006,0.00020611109591724963,0.00019171152323313646,0.026663512425581303,0.05466530122614174,0.004992990888419529,0.49985245441104353,0.44292956991512233,0.3076695491100885
79,79,705.0,0.6696185124515281,0.7010451996378728,0.7224547795899018,0.7311873583401935,7.578290308490974e-05,7.469786706654928e-05,7.30203673815546e-05,6.415847200993211e-05,1.1879107906161615e-06,1.6851438529521364e-16,1.0972976521626552e-32,2.4522993953805384e-23,7.247758157473754e-07,0.13420033558398098
80,80,430.0,0.6934888667328019,0.7034586499881461,0.7181437368236582,0.7139415283319922,0.00013707564403267705,0.00015271361402040002,0.00015933215470901566,0.00012875829762891595,0.2218319471571344,0.005019198170398545,0.00035441700412181025,1.4433683793502634e-05,0.164002460233734,0.6074534016102973
81,81,260.0,0.5085812581318397,0.5668988093665585,0.5768903431718962,0.5598980589257054,0.00031702147632369014,0.0003212207736657541,0.0003157075333120151,0.00029336498591844823,8.441977140698886e-06,4.283324885251581e-09,4.2810306751625063e-07,0.016126419746324144,0.5663759377068636,0.13066836507939
82,82,115.0,0.4705936055388232,0.5022341657902878,0.5022957823543496,0.48185253475344403,0.0009525841458836599,0.0009257910483043121,0.0009708383560215912,0.0010504261457038994,0.08886214915786285,0.06932193511712288,0.45383343879548377,0.9903855020006471,0.21694327577027828,0.17482492096696522
83,83,1723.0,0.6619323007900205,0.7054281619182486,0.7097376824237316,0.7229374675204331,3.434260514183952e-05,3.819418307997831e-05,3.8745347189325625e-05,3.5146096273678745e-05,1.2536871121012785e-19,3.217058686094573e-25,2.5216780477416334e-70,0.0021751115648202127,0.00012566601893911156,0.0022060121572059495
84,84,743.0,0.7546996351581704,0.8089331024013084,0.8253964913869677,0.7637147979886295,5.417208222089694e-05,7.042438260830467e-05,6.808578472898517e-05,5.867808314615985e-05,3.5875343614202403e-25,1.634489922842261e-42,0.03271273389907905,2.695099216301521e-27,3.9353101644618574e-20,1.9562806773899777e-37
85,85,62.0,0.8628752129066841,0.8602796534700546,0.8709829155895246,0.8848323981290148,0.0003431759965882816,0.00047520808381687946,0.0003708271958711453,0.00034531695755209515,0.8723306723410201,0.5568309366459652,0.03302332438415008,0.049184174677601784,0.05208271574872695,0.18704484636105767
86,86,51.0,0.8374208887783222,0.8651362625334866,0.883315881227304,0.8604380673051163,0.0003907039638803754,0.00047324378623188866,0.0003443902323050709,0.00043369647762396405,0.14881766510629557,0.009256941726944046,0.16000885455228508,0.0004256415392496358,0.7828980337362174,0.15062051413593383
87,87,34.0,0.8540325036745394,0.8373254869592468,0.8516572945678609,0.8753657987544083,0.00032423662516181526,0.0006574085960865154,0.000530651035324764,0.0004734797975127391,0.487943799862977,0.9063741440797455,0.22064472777015376,0.021713853054780775,0.035019929723804445,0.1356414563775911
88,88,1334.0,0.870348165007944,0.8648308389873977,0.8445346332598012,0.8823283996447786,3.483593710736183e-05,3.935374724361531e-05,4.259070425296904e-05,3.3680815455003994e-05,0.24015487108329747,3.26613918840634e-08,0.002651194466907326,4.281125841686318e-32,5.414584659964192e-05,3.643313033434359e-17
89,89,35.0,0.8413570345142832,0.8454877687419747,0.8520819056705045,0.8824422547871847,0.0003010670517311018,0.00041911153854429104,0.00043352598547750524,0.00030137308460470233,0.8046501832951792,0.5012727894261064,0.012362752841456348,0.2859479263379895,0.0868387201475833,0.15003102428874002
90,90,5794.0,0.8745852889194269,0.92899205269645,0.934195388361928,0.9202525470938032,2.2650332432727615e-06,2.057744125395256e-06,1.6994700564398674e-06,1.7248627242959534e-06,0.0,0.0,0.0,6.886979813114572e-41,1.3999325367777152e-13,7.015905232596706e-34
91,91,392.0,0.8924478864147958,0.8940612266816296,0.9072939635256959,0.9179182333711059,2.3408032922649457e-05,4.121466110224107e-05,2.945556379785955e-05,1.764335178682344e-05,0.7841705042700079,0.003119213253693097,7.109110704483586e-10,5.492085374405222e-13,4.360955630463929e-05,0.02634457382451269
92,92,1295.0,0.8636843477824068,0.8408397940184014,0.8732118207217632,0.8990107569617275,1.4900449534411893e-05,2.240396175740466e-05,1.6015073383805148e-05,1.0748285290222093e-05,1.2820452538959598e-08,0.0036911712414974753,1.6983266186067262e-36,8.702101351561213e-93,1.1426029666654864e-41,1.6292875893000832e-12
93,93,763.0,0.8911051691811954,0.8974569836910187,0.9111202271362974,0.9088409595221849,1.4953241971456226e-05,2.1077387072892254e-05,1.5533988303735587e-05,1.426938059163327e-05,0.0984178357786343,6.08393493575899e-10,3.442096543230152e-08,9.567901086569349e-32,0.001682872199370523,0.47698101154349193
94,94,836.0,0.8793050701281865,0.9046967261390886,0.9127766772887779,0.9116841212332061,1.1701173350425283e-05,1.5343019610664016e-05,1.1697883869990107e-05,9.636084868950335e-06,5.124470364920792e-16,2.8755776853067062e-33,2.691302908036708e-34,3.111030870858712e-16,0.020618706964399183,0.681903995141381
95,95,846.0,0.8676722264459961,0.9189912884887415,0.9159002375163303,0.9155066241728803,2.0755565786056556e-05,2.0583671086120257e-05,1.9544955626527595e-05,1.725533459004915e-05,3.4923762611918034e-57,3.1249317822813155e-52,2.1638758349547475e-58,0.0048263452504498155,0.29096140379518787,0.905683436270739
96,96,567.0,0.8879004591206837,0.8911974274870348,0.9059753469403465,0.913224370675525,2.1458170940511576e-05,2.9923220434259267e-05,2.1899037070123726e-05,1.4628283159953279e-05,0.4504074630660161,2.1343687165688447e-06,7.384105173703807e-12,1.1603270821149735e-23,5.539329052800067e-06,0.08738186762705928
97,97,187.0,0.8994639067910923,0.8930198162871766,0.8994095631352375,0.9069248360833843,6.4383246128023e-05,0.000105439253178066,8.869944333073467e-05,6.746200336736896e-05,0.39841067143014963,0.9938899926584529,0.200250587066103,0.0018830026433651033,0.040200233769889585,0.23897447707460318
98,98,1112.0,0.8861851427214024,0.9028786577207237,0.9142896580309875,0.9223569174310148,1.034663492098083e-05,1.2052375028117911e-05,8.71325416574066e-06,6.4054901578924344e-06,4.091679296866725e-09,5.734107189949082e-31,2.7573403923966647e-49,2.615157019698003e-31,4.148715899107987e-12,0.0007015497215106319
99,99,5141.0,0.912940286514641,0.9149788823353213,0.9117482874299301,0.9245056611538266,7.657305684495543e-06,7.805494437659525e-06,8.124413206190598e-06,7.178548846692054e-06,0.2374909911355647,0.4863614357402879,4.362190561127833e-12,6.855959912968269e-06,5.041457302159723e-07,2.0795340430931036e-11
100,100,464.0,0.8679409906411139,0.87827537626716,0.8901872689546989,0.9038563725341274,3.307588774640115e-05,3.7464000892988956e-05,2.9296368858949778e-05,2.3688480541906696e-05,0.05466180331924199,1.0829725571473834e-06,2.8517674079236045e-19,6.621996564742796e-13,1.0914165577450998e-06,0.0032425873023588093
101,101,1201.0,0.8848597429952535,0.9024876439524764,0.913016836628283,0.9171041420767619,9.115515520928419e-06,1.1840136393973512e-05,8.683232978849227e-06,6.838595116282911e-06,1.5036634193453782e-10,2.2764398182782552e-34,1.0346839470156434e-45,1.3798207732965517e-29,7.106783888844417e-08,0.07981417540426243
102,102,1606.0,0.8856283567875669,0.902003970885317,0.9117666528105197,0.9193527451682796,6.748018945217083e-06,8.460276080153076e-06,6.331345897313307e-06,5.059488955144282e-06,4.264444229668474e-12,1.0649348507765548e-38,1.4502713286923291e-68,1.4562364229969736e-33,1.9226820462880348e-14,0.00012820472182864922
103,103,3008.0,0.895993957834843,0.9108170207145627,0.9216317759150474,0.927680461305599,3.0124261324727813e-06,4.146959680549254e-06,2.946147797638806e-06,2.4105629009724336e-06,5.435928374951347e-18,1.7276795755484573e-70,5.996445062630623e-119,1.4411560407148857e-80,2.7493675677067765e-22,4.356645038340005e-05
104,104,5.0,0.928403007389862,0.958028369782484,0.9621053872577128,0.9558671432475737,0.0032243044588757216,0.0007579799894164297,0.0006114088934606762,0.0008426618905657911,0.31732517704345164,0.2983048325253953,0.3296812862042511,0.20821493575316918,0.5233156752765031,0.29750368863205723
105,105,5235.0,0.8168023471130349,0.8784032650067797,0.8958697772504102,0.9051411609391488,3.4697525712392853e-06,3.618699370351223e-06,2.7620319645048684e-06,1.928164354884745e-06,6.091712944882077e-271,0.0,0.0,1.3333665854397948e-220,1.551881420902925e-55,5.024997224689284e-10
106,106,6723.0,0.8905169632897069,0.9093570838513688,0.9207116356952688,0.9313748163442422,1.7001721028245005e-06,2.0576686244688195e-06,1.505554565688331e-06,1.2357396627092067e-06,1.229713602008744e-56,1.1312525638150574e-195,0.0,2.4433121369802985e-178,6.811606310317796e-75,9.033833133707423e-25
107,107,7658.0,0.5808275104615142,0.6280365143157883,0.6279306205245115,0.6301711600635355,1.0859987067090782e-05,1.2045735068674665e-05,1.203349105006719e-05,1.1316916402282347e-05,9.908755616122847e-39,1.544336582315068e-36,1.0886264157917235e-65,0.9212673828557058,0.5272140462423169,0.5215389143211181
108,108,3697.0,0.6474237103542235,0.6650761100673979,0.6536849154258113,0.7093382361329945,2.4880199306842154e-05,2.8967799672148296e-05,2.8209712612134544e-05,2.75531342087682e-05,0.00017731579023449166,0.17867944028499194,1.6464498959468832e-55,7.899413553718554e-12,2.6576961751669983e-19,1.3967336808571986e-28
109,109,6709.0,0.8539877582976687,0.8288491438895649,0.8257229382535036,0.857691096709295,7.311522278863027e-06,9.116708414192083e-06,9.34311140506966e-06,7.303155892083999e-06,1.19667956197818e-29,1.140447539579679e-36,0.023733782788759483,0.00010534843505962062,1.761802929381214e-35,4.24619741551813e-42
110,110,7151.0,0.6707420919693623,0.6754914411974593,0.6857630452136282,0.6567367663949785,1.1002460076988147e-05,1.1742843852891142e-05,1.1610846609901755e-05,1.225537468526408e-05,0.1059350821715799,1.14031654789052e-07,2.410508521536592e-06,1.1806107462933815e-23,3.0601321607550805e-10,1.991031938160957e-21
111,111,57.0,0.41450322490850966,0.4756885580518797,0.4472153689683725,0.40588669819868745,0.001290870301518895,0.00128754463738207,0.0011913653277678344,0.0011348625977678044,0.055737194466172466,0.2690731371129772,0.7561579070527276,0.0077593218749204525,0.024082402013971826,0.14814443700904903
112,112,3327.0,0.5465802800917127,0.5394621497024066,0.5389092684726892,0.5597544894182652,2.5434187318902703e-05,2.7300473566611753e-05,2.6853776244541662e-05,2.562067952700741e-05,0.14568808539672623,0.11241280319840387,0.00043400597336729,0.6949778096734398,2.938363582625062e-05,2.569149174334567e-05
113,113,2623.0,0.7874797416105536,0.7742565487249091,0.7644117009871052,0.7945122921048834,2.7670746949369745e-05,3.0349522877016177e-05,3.150670199769026e-05,2.8633907732374345e-05,0.012695252914760907,1.6015761064069847e-05,0.1051019057737384,1.256745206037162e-09,3.0693010363084725e-05,1.4465937119493699e-09
114,114,3415.0,0.8730625108297958,0.8637208178338865,0.8632765273741313,0.898301350958302,1.6859701449757192e-05,1.7950408503337754e-05,1.7727542302027894e-05,1.4987339236438534e-05,0.003416943867086508,0.0018197503944476995,1.2891120466840282e-16,0.6254530014989059,9.609541782318635e-22,1.797131028581137e-23
115,115,12083.0,0.7172212880205744,0.7371738624553518,0.7320688293068118,0.7601141480034066,6.413464454436958e-06,6.4185410135797e-06,6.427405497090671e-06,6.325976089208483e-06,1.0695675717861544e-15,2.1727709738344926e-10,2.507322593392589e-97,7.957662406754084e-09,1.3124831329737664e-20,2.7135956497222973e-32
116,116,7744.0,0.6168759309868749,0.5992605689664819,0.5974997872294026,0.6273059121798946,1.102106643212809e-05,1.1597899500362772e-05,1.1679901597687375e-05,1.0980274840920923e-05,3.186879102834578e-07,4.518994278680075e-09,3.858272254947356e-05,0.12407283629432483,6.930135224752151e-18,5.5282095834177195e-22
117,117,19309.0,0.6578165930750258,0.6791345971238733,0.6735551542402624,0.6928530613449974,4.530863948056024e-06,4.742593991785642e-06,4.721413247004428e-06,4.441519142975498e-06,6.363533980007261e-32,6.75400245454077e-19,5.526509005335543e-147,3.523096064465251e-15,2.43971046520025e-13,4.337205940769416e-26
118,118,8578.0,0.8600776523511521,0.8294945622928251,0.8257332821201894,0.8671156004653222,6.063545111612713e-06,7.512768645967422e-06,7.531678662433099e-06,6.309417165957672e-06,2.523761704464505e-43,7.750588731797327e-55,7.5296976780198e-05,8.89828058205282e-06,8.358881325720833e-57,1.279607482776961e-66
119,119,1711.0,0.722114349843163,0.690296490537336,0.6628452578557914,0.7286908263237246,4.8767561179077114e-05,5.323962425651803e-05,5.475283345873145e-05,4.8851797374980175e-05,5.846053756135876e-09,5.859007154348628e-26,0.14059323357526674,1.182546832529152e-43,8.20538461925648e-11,3.6355696131291622e-28
120,120,771.0,0.4578106358732624,0.533427107622389,0.49808789099807227,0.5299064523247565,0.0001021560765362058,0.00011241510302372616,0.00010885099722908807,0.00010429089405834628,2.1271411618394922e-14,1.541971794545933e-05,2.2686077921855395e-16,1.0202591471934113e-18,0.7139035376873717,0.00040362964691901984
121,121,1479.0,0.665355207036491,0.6868866585751938,0.676200079348689,0.7088424254263168,5.1567505478907364e-05,5.304172618021247e-05,5.345484901945974e-05,5.112052401006141e-05,0.0002588166861870028,0.06318314492316097,1.8448580047472633e-15,1.0219623271944868e-09,7.315384417365936e-05,8.00232917277564e-09
122,122,458.0,0.7959032710063552,0.8138475689447715,0.7732849247275334,0.8320450966713807,0.00012266889823690712,0.00011246418420207788,0.00012158125414400811,0.00010214778653024878,0.025427345563966728,0.006356518162767724,8.11051241780205e-09,1.4193857997993062e-41,0.011238685890323848,9.647686154133486e-15
123,123,1915.0,0.8964416025903466,0.8945269290182152,0.8919049732586506,0.9280915842249342,2.430398515698124e-05,2.6748415475226155e-05,2.6371338334389732e-05,1.8185196740450472e-05,0.5822734867882458,0.19747919920783175,4.654239750217436e-24,0.0034226049996184302,4.976042199635418e-22,2.8074942792542434e-24
124,124,25730.0,0.7520436824612176,0.7273070522201476,0.7304696679753017,0.7529622257973346,3.1238611291467576e-06,3.491147675441471e-06,3.434246276174882e-06,3.161371424047021e-06,6.664975154435268e-65,5.233260897643915e-55,0.4390950861865458,2.6196049629828233e-08,1.7755122091468109e-56,1.792405240616103e-49
125,125,5263.0,0.6531111941166383,0.6776222893356812,0.6701753103886479,0.7105563140150192,1.8427941751423455e-05,1.772579968816301e-05,1.769800553870338e-05,1.827477842243413e-05,2.3515051108337702e-11,1.6913497126830187e-06,2.589354900696569e-72,2.186273003678129e-08,1.900692493736471e-18,2.7933619825261504e-28
126,126,1916.0,0.6074668822719507,0.6494578621684537,0.6310090858663603,0.6276447072921859,4.4890747169703284e-05,5.094130403704424e-05,5.117334714758862e-05,4.916271646113693e-05,5.343148743957242e-11,8.264527462450287e-05,9.054164032821305e-05,5.517633565726026e-22,7.845096757188035e-05,0.513450799153556
127,127,424.0,0.5996586086552403,0.6149236116487656,0.6207935978485531,0.6117763375504816,0.0002114615647002053,0.00020991182653608205,0.00020656172613779038,0.00016955439147625838,0.29084002305279844,0.11101901835372621,0.24920015470365753,0.12408624450082646,0.8101726605675731,0.45606520868932887
128,128,1002.0,0.742912464495071,0.7334567974121257,0.701289837221199,0.780161295317882,7.351420674126583e-05,8.62603655510345e-05,8.924548372438348e-05,7.174371382958281e-05,0.2468784166192748,8.584069794655058e-07,9.341080449096089e-11,3.6182269822528497e-40,7.40314317558557e-12,5.9320033670053074e-28
129,129,291.0,0.5073569869654246,0.571607472829242,0.58204459284886,0.5273167205744822,0.00029126389927015546,0.0002628187150816623,0.00024200127972631068,0.00026502966657518493,2.363933367056611e-08,1.1736690178223105e-11,0.05967127774489895,0.002208897554761022,0.0002902457982594896,2.1246205699841357e-06
130,130,1133.0,0.7289153362020744,0.7420656129262453,0.7341781963864112,0.7547769745591372,6.54887551048193e-05,7.446813856300805e-05,7.339848085305772e-05,6.108088261523503e-05,0.0971351518062874,0.472887723660693,6.348594328396324e-08,0.0006776753506142751,0.08213492830883837,0.002936926408183414
131,131,18.0,0.98619462576503,0.40804694208340625,0.5323280610428107,0.9796072399612707,1.6063843501788797e-05,0.0009943759744840293,0.0008315286682433394,3.776269994128871e-05,1.0696510115221906e-71,1.278022178363194e-52,0.06386838430847144,3.648315422836461e-92,3.382500255854835e-73,5.095412974111879e-53
132,132,50.0,0.9992347852188548,0.9987515678433979,0.9975826266871067,0.998022855672645,1.314521045325325e-08,5.371723495464285e-07,3.6826495923646096e-06,1.3498742581644063e-06,0.4911729802218763,0.3822481469802388,0.2839640857539164,0.32746346254987313,0.10277858673912858,0.5647517928014225
133,133,2261.0,0.8691460915743312,0.8614914629890721,0.8565779961730072,0.9027849965293333,2.266382359148082e-05,2.7533281496777194e-05,2.847449448344843e-05,1.939094662830589e-05,0.03361500533366919,0.00014314063188503105,1.9650310945265566e-22,3.828510149261476e-05,1.7900587325427372e-24,5.1812722559027745e-33
134,134,2.0,0.9997454584427415,0.9999196184556026,0.9981914152510584,0.9994614436525374,1.9670400301680586e-08,3.747458591917432e-09,3.122691278378866e-06,1.2514457924716872e-07,0.03572190937833813,0.34059194586058605,0.5610056013135973,0.31165385754054364,0.266345165875312,0.5487875040316106
135,135,610.0,0.9999217882550532,0.9997316836536748,0.9996332579536867,0.9999494893497533,1.9990649965352328e-10,1.8442050885623692e-09,3.4827282175146614e-09,1.3723653031333184e-10,6.940587587163159e-07,1.213913250929134e-07,1.2735267110864978e-05,5.020465461873314e-06,3.570555749678564e-08,1.8361940283762324e-08
136,136,11.0,0.9206498454894766,0.9212561464398271,0.9217474718785001,0.9247061425667114,0.006119534288963529,0.00501117129344928,0.00466629378717969,0.005510495450401011,0.9464764088229451,0.9260836099199465,0.31001648308917296,0.862087747010255,0.5696401500906438,0.732012732759761
137,137,730.0,0.5727246096470393,0.5408000185122599,0.5373430161099404,0.5535752538840003,0.00017833796462047444,0.00017293524067691986,0.000171125125152241,0.0001695397584649149,4.225668439507928e-05,4.455012685095549e-06,0.017528851446252814,0.05772095386909244,0.03859610134974274,0.005519672447629666
138,138,480.0,0.5337632589595914,0.5370624129202215,0.5370338993295082,0.5688088068324272,0.00015179992733804502,0.00016113159869305695,0.00016070844833310439,0.00017116704437272485,0.7513345660291305,0.7453459083778471,0.0001795347938607464,0.9946918985193733,0.0035425548540055384,0.002350299790595946
139,139,1148.0,0.5764644201168073,0.5954619953292399,0.5638425668717361,0.6385156445737528,8.091185264061721e-05,7.786970010126426e-05,7.514517435950746e-05,7.14157804789375e-05,0.022696727734590316,0.1308030125588411,3.299377535328636e-14,4.724396232608891e-23,3.3894267833863446e-08,1.6171532066057748e-22
140,140,269.0,0.7655025358261768,0.7871157949982591,0.7200021397962869,0.8233336725433793,0.0002649113474080934,0.0002785986895657023,0.0002909174275596317,0.00025365950195753185,0.13800182811536998,0.0017390592438807954,3.608814683656629e-07,9.743742903080729e-27,0.01421855169704136,7.440681033918856e-12
141,141,504.0,0.7159907694405809,0.7335374007104939,0.7274117492710327,0.732624485663044,0.00016795225652890404,0.00018385539516451913,0.00018505308042221144,0.00017812768535047145,0.04030692437823184,0.16845902580766292,0.022631570129968775,0.04172247622336931,0.9123170132219178,0.5276636756673785
142,142,1347.0,0.483648749616087,0.5690222142319021,0.5126009732121714,0.5722214618595154,5.7098051180810655e-05,6.652328090776396e-05,6.282860768862741e-05,6.586735970869698e-05,3.279572716721558e-24,0.00020526872022203076,2.8068012909336524e-33,3.054942537598259e-48,0.6656142440174531,1.6710816454954037e-17
143,143,4861.0,0.7210944071997533,0.7349069803448308,0.7127025386096169,0.7974742365720097,1.741093501123176e-05,1.827954221196483e-05,1.875177908825961e-05,1.423870775533719e-05,0.0001157022933529259,0.01968549572828491,2.939168982624474e-116,1.8519798142543426e-54,6.166590222904854e-69,1.4083381294498597e-123
144,144,1487.0,0.49202425341026684,0.5934829635367876,0.5642098420386088,0.5992588043030596,4.4738816181010476e-05,5.7187697829843653e-05,5.556095289091716e-05,6.179290719888982e-05,1.1951096261808047e-45,1.0249425961337317e-27,1.8126480999137815e-56,2.7165715084726105e-38,0.4172675469879491,4.1300923505318466e-07
145,145,2873.0,0.5408799854714541,0.6131431008595939,0.5885035405450072,0.6201917054035169,3.1083552414710553e-05,3.340646340814304e-05,3.4097440908626275e-05,3.241636675823968e-05,4.693276087060609e-34,1.088878583046354e-14,6.769074889442773e-54,4.096667917752085e-34,0.18696563687556933,5.957941228289611e-09
146,146,805.0,0.49049899737345176,0.5089585643983019,0.5088587714086683,0.5032746795604749,9.956463685874082e-05,9.980536620904449e-05,9.612204824783461e-05,9.866437088466014e-05,0.0003013591908706401,9.770816115366957e-05,0.02749375573754216,0.9632600784719162,0.35070417678282795,0.310492083505302
147,147,2305.0,0.6885409278989113,0.676752079699335,0.6852709781933088,0.7051406260329557,4.1671551007826505e-05,4.2619384716444065e-05,4.2322589654952814e-05,4.2636310281321066e-05,0.012989020235527064,0.4712111736788277,3.107103174427515e-05,9.543618623214537e-07,2.0367008466278048e-10,4.6719305122240265e-06
148,148,7669.0,0.9323868178182593,0.9182364944360064,0.9160972811914317,0.948257373398676,3.8981066878664285e-06,4.839575926551812e-06,4.996063334677596e-06,3.1284880323282066e-06,3.096382359854826e-17,9.278652687896477e-23,5.000193401064486e-33,8.960068169138034e-08,1.8580427296630543e-66,1.9429179626704118e-77
149,149,3477.0,0.5399846562379245,0.5462513478087783,0.5323282103623923,0.5405766151646414,2.5132563316383434e-05,2.368508219371491e-05,2.333635765820759e-05,2.3556042268592414e-05,0.15564993624802453,0.09574832987201427,0.873453153488871,1.5495381174667283e-14,0.22800623044923185,0.08865351351938398
150,150,3587.0,0.5872125110532286,0.5441705262446799,0.5505211122423866,0.5830130050817529,2.3821263408166462e-05,2.347133468430442e-05,2.197712380711751e-05,2.3900916487069587e-05,1.2525248224169097e-21,3.8419708909421046e-19,0.252868843004714,0.00019370054023735007,8.004477591920592e-18,2.3758754090503076e-16
151,151,806.0,0.5568825835020058,0.5330209135924983,0.5336890976417704,0.5582851209654381,0.00010374676503522893,0.00010204998503834478,0.00010511793034804737,0.00010859606865011192,0.006142367887400845,0.0033235884247832643,0.8509691958084847,0.8430027838705162,0.0031644010093987767,0.002503794351077627
152,152,1095.0,0.8575671375043895,0.7666502027420692,0.7334375613720542,0.8380175918597276,4.0330502770131546e-05,6.522831705746755e-05,6.90829797621422e-05,4.725891476356557e-05,5.607640181145675e-58,7.3159861504185546e-90,7.488718182569317e-08,4.521403399110183e-46,4.0355865491087303e-32,8.10121588335296e-62
153,153,2831.0,0.669233102763944,0.641848680604563,0.6483778164768549,0.6602153309300908,2.6023150840854328e-05,3.0642387749916e-05,3.079039166138507e-05,2.936727489441105e-05,3.470819131879227e-09,1.2057070012174721e-05,0.028630562405298855,3.541464692369496e-05,0.00010388183988776561,0.015571434415962732
154,154,1403.0,0.6839349802452183,0.8168881714170787,0.7759231295428466,0.8081144305825877,5.4567640695009045e-05,5.238155812248965e-05,5.622713229974815e-05,4.755051116620653e-05,2.1082005498092915e-70,2.3090368106289398e-35,9.287437995664885e-89,5.394244565511402e-70,0.21090976992772714,7.958125953745078e-06
155,155,7889.0,0.6142476097699099,0.577863408030834,0.5776565656749344,0.6191663490297403,1.0436501137096894e-05,1.0719354132029997e-05,1.0776446676285576e-05,1.042948479375752e-05,5.13801953441161e-28,4.919900505048663e-25,0.05041278396700002,0.8659003376681855,2.503575601947131e-38,2.8451524744420825e-35
156,156,8456.0,0.6298599658271493,0.5571986072372278,0.5591302961514303,0.5857758595556969,1.0001698854977946e-05,9.785590855361273e-06,9.665804126735186e-06,9.05501071545433e-06,4.2835567548593934e-104,2.0136012393452436e-97,3.105847223809386e-71,0.07974593067124393,4.898941921619761e-22,1.1367275580201298e-18
157,157,3477.0,0.5236821410665782,0.5190569546964365,0.49780703619294664,0.5397692141327352,2.5387815669823127e-05,2.7519491332024957e-05,2.6256741422918032e-05,2.560392100756888e-05,0.3177128837293539,5.063959186955802e-09,1.2056285000297953e-05,2.1415096200823203e-51,5.070203463885846e-05,1.2484850321342557e-18
158,158,600.0,0.7673276455282455,0.8144782549871334,0.7985254938749471,0.8222890996279811,0.00011072030774145305,0.00012387122475424392,0.00012370303160198429,0.00010514353474118874,4.967404976087994e-06,0.0016682964309256078,8.492532128086661e-09,2.617036085136432e-07,0.4030851199074742,0.01100657875524983
159,159,1103.0,0.8185500057627337,0.8738632064961236,0.8608545515263053,0.8901805181066915,5.354073920660867e-05,4.6928923491432334e-05,4.941701448041752e-05,3.779135335691234e-05,4.8611004305593284e-27,1.5003260882453836e-17,2.1205730971792714e-51,3.889551396078517e-15,0.0010365508187415028,6.4328557345658205e-09
160,160,300.0,0.5910133539439221,0.7190423590536305,0.6941017128973621,0.6760256362087967,0.00024779385132960946,0.00028748431695221227,0.00027176752883481585,0.00023411783779834564,5.963326244856138e-23,1.206470424852946e-19,1.0917845407401605e-14,2.783506822484302e-07,0.00014603357945767306,0.09129119591586173
161,161,5912.0,0.9302580079685601,0.912704713870207,0.9127143268210455,0.9435628537869195,4.565249184333657e-06,6.440523231749558e-06,6.332276563974512e-06,4.200531330957064e-06,9.972290451464115e-27,3.124173655000134e-27,1.4749360688483992e-17,0.9849843376120676,5.275084942747282e-56,4.6096111981855323e-57
162,162,13450.0,0.6361450491232634,0.6442542342432934,0.6529052016056993,0.6529520971165279,6.629019637866361e-06,6.7557929669123475e-06,6.6265617633688055e-06,6.350503720140988e-06,0.0005561190926624396,1.474217770084514e-13,3.2432086854992866e-16,9.365825487923543e-27,0.0002172629624423798,0.9841578898840316
163,163,160.0,0.6639353057355244,0.7525518464537789,0.7165846471209748,0.7424106807650226,0.0005074026616653699,0.00045018906722296215,0.0004711943940572402,0.0004074980010432147,7.990024372084743e-08,0.001542337950997712,4.879500883414554e-08,5.396996297214245e-06,0.5583727765977491,0.13773088978871093
164,164,42.0,0.4109412527405774,0.3794988859026486,0.37340465853490457,0.3965314946260436,0.0014267501511914958,0.001772620877705141,0.0016786196496591606,0.0016083701755776503,0.3680324719860676,0.2543871178876249,0.477123886645606,0.4555288044666862,0.6082893847309251,0.4519033455265923
165,165,2269.0,0.8645083286942918,0.8663057533969691,0.8525077577865913,0.8840350403387355,2.1114811954724343e-05,2.600057202378549e-05,2.616923221094457e-05,2.3022120451002553e-05,0.6386748979760406,0.0009096373057756827,7.664817802601941e-07,1.945674130988292e-22,1.7651708055304768e-05,2.333143835261976e-14
166,166,2696.0,0.9107120472218546,0.9011262330087088,0.8968922362908806,0.9317381490053226,1.431553335284394e-05,1.810652973228985e-05,1.8381936246381375e-05,1.2882600201575794e-05,0.00024593947558025636,1.467558237577506e-07,1.3473293116807124e-16,2.4959152071706734e-07,9.464704699228435e-24,2.0119310479182145e-29
167,167,112.0,0.3986670815779395,0.3350872271160475,0.3496660044044428,0.39603324875526624,0.0006524184688495831,0.0006161273405361942,0.0006302626199481882,0.0007080380701997228,0.0009708701553177084,0.006389180580432044,0.889860675499371,0.009529123436353629,9.71410324936984e-05,0.0013827506193444634
168,168,876.0,0.9190030860564501,0.9213533372501215,0.9183739802140731,0.9184687469699714,4.314234911726308e-05,4.3472626756666016e-05,4.3956443115635795e-05,4.532794765020972e-05,0.5180234245268074,0.8585637452836498,0.8882466576295605,0.032591458455266016,0.5177804203245352,0.981321223829756
169,169,1382.0,0.8522656406440524,0.8915240628989203,0.8818216418544224,0.906869771089926,3.4251238013782736e-05,3.252795437911034e-05,3.4555761791535415e-05,2.640856311683649e-05,1.9331725986963613e-14,4.412960490498902e-09,2.3772696257821727e-40,2.02745272605015e-12,0.001692423251788848,4.6991073656625447e-07
170,170,611.0,0.861476098042202,0.8286654671998974,0.7741935876996807,0.9093380664030536,7.628420351902637e-05,0.0001046311328111954,0.00012245138542494325,5.258337064751377e-05,0.000405622352307604,5.285604847080039e-18,7.427768677257763e-14,2.244437937275225e-45,8.951629632284813e-20,4.713739719567392e-44
171,171,3729.0,0.9442747355422701,0.9370651685483611,0.9300073991301213,0.9549427318730862,6.959280198905396e-06,8.996579535283398e-06,9.80110787032553e-06,6.356526338164548e-06,0.0009542208633123042,5.894880536613304e-10,1.9433703592626408e-08,2.471053708821972e-16,8.248230393043084e-13,5.409587220163197e-22
172,172,1345.0,0.8529141474367257,0.8919972487010257,0.8743048949970186,0.9021548384013163,4.157746105606906e-05,3.3665144998111645e-05,3.5997066075629256e-05,3.557662768941953e-05,1.842135464682677e-15,2.5240450222759694e-05,2.527898730689382e-28,8.39567093053937e-29,0.03835912117260901,5.70557540623778e-08
173,173,2926.0,0.6184910227384455,0.5975022717562332,0.5889223475283525,0.626913655862944,3.222197600818101e-05,3.210868603219907e-05,3.1793514380026344e-05,3.07130144600939e-05,8.991126126409905e-05,1.953499018873892e-08,0.05966792721718947,1.200542707164905e-05,8.786087186977546e-09,1.1471886402099704e-12
174,174,672.0,0.8485727362769353,0.8975927574563224,0.8872864534514462,0.9012657172756702,8.889116610435142e-05,7.01988137799614e-05,7.41985942191714e-05,7.516557244701671e-05,7.829041114641676e-12,3.8217035114656675e-08,6.083131435528774e-14,8.693270338667963e-06,0.6199987100910324,0.059990609660837475
175,175,1176.0,0.685634626971434,0.6643835201847516,0.6436071151049345,0.7124349097908322,7.194115906399232e-05,8.397128518286593e-05,8.289381994461493e-05,7.869410901571547e-05,0.0002968455998828464,1.332738223520174e-14,1.31597503572859e-09,1.6526174223210369e-21,1.257626070073922e-16,3.16311861208524e-36
176,176,11745.0,0.9171482272035474,0.9084962307776704,0.9108184965815155,0.9161770528159329,2.5566341290768177e-06,3.1977649832122743e-06,3.118518089443548e-06,2.86435161859152e-06,6.322804256109266e-17,2.661398652492118e-10,0.2914810973767118,4.422213507540958e-09,2.6675023797652127e-11,1.4539786342141955e-06
177,177,805.0,0.7335515042373328,0.733847714219727,0.7026603675148531,0.719445151913625,0.00010459178124518958,0.00010216254811100813,0.00010452614245549478,0.00010068823794623176,0.9678217921021371,1.4408201770740888e-05,0.021177039507583463,1.255435734903162e-26,0.04957013628317571,0.012540190845962121
178,178,2301.0,0.69865803178018,0.7284575368308933,0.7295322418958785,0.7415453488826708,3.5530057679372204e-05,4.342316681471948e-05,4.295924539273979e-05,4.152026256398397e-05,2.331149258146735e-07,1.1042785779166889e-07,1.0873116951305257e-15,0.5577489694642819,0.016834112420068395,0.034845538560650494
179,179,2751.0,0.8571073788058773,0.8573390882299898,0.832182646013755,0.8692445732443506,2.0863892872183185e-05,2.1664093650958358e-05,2.43149865217355e-05,1.9320508827935256e-05,0.9417460635114078,3.630781756223441e-15,2.0071077971070167e-06,4.866029033764687e-112,4.166016524368185e-05,2.5837064744089303e-35
180,180,1197.0,0.681811804633157,0.7280325349324196,0.7583693298270981,0.7833143091979244,3.8808802558049747e-05,4.5408552228573e-05,4.297617703165306e-05,3.708713145057413e-05,1.5669888387092636e-18,8.376149505231764e-57,1.8739373516436398e-120,2.1784348043989659e-47,4.308870037045679e-28,7.271251696843406e-09
181,181,5382.0,0.5780420086795722,0.6027839353787764,0.5885242053285783,0.613531349211988,1.7535323351259123e-05,1.7082596355992254e-05,1.7361352139925907e-05,1.7280893035407387e-05,1.4149609751679079e-09,0.011865064789490844,3.702797085561213e-23,8.721956456069955e-23,0.0037364649521738273,3.709694435324471e-11
182,182,25630.0,0.8781246879369171,0.86234294421422,0.8602526648857288,0.8895649546693357,2.123779736886089e-06,2.3442836720878634e-06,2.387618784417978e-06,1.912259631238611e-06,4.018046592084625e-43,4.175558857470429e-55,8.231443097217451e-45,1.6987434644243764e-07,1.8074046105841313e-115,1.2498528883709348e-136
183,183,30354.0,0.8756988334033629,0.8503093761715366,0.8504537292208001,0.8766931648352949,1.4515500392717971e-06,1.792891982728295e-06,1.7908453770383245e-06,1.4603134882816395e-06,2.1875308447725234e-160,1.0544666263033768e-150,0.1894134803746389,0.6734521602589159,3.9130495203358185e-144,1.0439098140420994e-138
184,184,3888.0,0.9861634863658635,0.9729890877833873,0.9728280348251512,0.9874106843481495,1.3636034077724309e-06,2.73537565438229e-06,2.4818997460845377e-06,1.3400145249845073e-06,2.235492748949066e-25,1.838405480847515e-28,0.05474562783413776,0.7647115388147496,6.758280633973015e-29,4.982959424738308e-32
185,185,21077.0,0.9023550935189263,0.8942723903102036,0.898147845419958,0.9032363950588734,1.2357637121130867e-06,1.668413160273922e-06,1.5701747455569525e-06,1.301968911895271e-06,3.5953904006611285e-19,1.4865129695391426e-06,0.1955912709736074,5.596988831494645e-28,3.316128447939271e-21,5.4694793099122725e-08
186,186,5464.0,0.6879002065394156,0.6767011248392026,0.67514862142766,0.7271182186525624,1.710973800813449e-05,1.8959764282161483e-05,1.8795955935984954e-05,1.6644748201315196e-05,0.003630591917903057,0.0002587108843804303,5.437565721437713e-34,0.26916599381691275,2.991265927967788e-46,5.958317666725583e-51
187,187,9015.0,0.596659676728074,0.6521810984681486,0.636975211168689,0.6599245137349125,1.0776304286256782e-05,1.1447692700008743e-05,1.1483434381340405e-05,1.0366727184687339e-05,1.8947767871737956e-79,2.3872351443733622e-50,2.0907056154003178e-156,1.5477825303225814e-37,0.006356102079632093,3.746144935204424e-18
188,188,63747.0,0.841537268489899,0.8335693307878942,0.8357641585563014,0.8404989060933983,9.051580371795364e-07,9.669661594943697e-07,9.392600224657985e-07,9.413989017591037e-07,6.539547956249289e-40,1.685778758359841e-21,0.06317532156222638,1.627851870692805e-18,1.2365309137589067e-21,6.365338601704347e-11
189,189,9310.0,0.8766720392755084,0.8534728153694473,0.8546878840269633,0.8936850399412577,4.698314156810437e-06,5.99783728640243e-06,5.752096281411183e-06,4.268311592423026e-06,2.3170554282900776e-46,6.181332669722306e-47,1.7183425745642907e-33,0.1006530807724375,3.72269084230215e-105,3.0640929500141054e-108
190,190,32115.0,0.6196852094685021,0.6326176571248402,0.6417169555445881,0.6169258196233683,2.913881521897541e-06,2.883345879382985e-06,2.840702380118232e-06,3.0046662839768996e-06,3.226943024915306e-19,1.8347109900993595e-55,0.03468055204019244,1.6633370054799153e-53,1.1138269120313406e-26,7.3676506920319315e-65
191,191,72.0,0.5359588128253695,0.4175752072835138,0.45082332654301127,0.47471263982702544,0.0017070834754340598,0.0011311931982314989,0.0011449537853425711,0.0013663513897275413,9.566468839660897e-06,0.000370601012952561,0.004426037573416251,2.829519782640346e-06,0.02449387077501372,0.33278648067383954
192,192,726.0,0.7202939283352939,0.6999003788245582,0.6840284622741466,0.7690459308437777,0.0001000633993490033,0.000105005386698872,0.00010544980682332267,9.594071370427334e-05,0.003609294852952514,1.609444235784289e-07,7.354681138021544e-14,3.873769866501513e-10,3.545185072215781e-15,5.815746161899325e-23
193,193,30545.0,0.7031581141048961,0.6977426085903901,0.6948797904490746,0.7158267428748054,3.109642203694096e-06,3.2441321976758203e-06,3.238400462027584e-06,3.074386813425293e-06,3.588109972806802e-05,1.774811132292872e-10,4.999372415409058e-28,9.96498230488431e-09,2.9474704583468957e-34,6.278804228537612e-48
194,194,35701.0,0.6588431271621068,0.6846615435219987,0.6842526541461644,0.675559482959184,2.5703788910732723e-06,2.710899647484006e-06,2.6341913881666294e-06,2.627192394138128e-06,9.196071476068655e-74,1.6719346954975685e-82,1.8563610029607336e-42,0.42744767707912823,2.7511453434864618e-12,1.3826662227783205e-11
195,195,9700.0,0.9204244637557586,0.9035636556797066,0.8961329524656209,0.9268429979515705,3.012231458383019e-06,3.7660923286981825e-06,3.870326464480164e-06,2.9849510819322026e-06,2.9236876325198886e-50,5.775359338249716e-104,3.961551811235011e-15,4.286804975821465e-66,4.108448054797309e-73,6.403780687901875e-126
196,196,6967.0,0.6344550541190428,0.6218688275226698,0.636522745849056,0.623273763336486,1.2081011685742236e-05,1.2922467823405466e-05,1.2564591743719802e-05,1.3292313455234554e-05,3.128278159447071e-05,0.4677945092357968,3.1659986796006104e-05,7.156732382412387e-28,0.6549902358530886,2.1409462884255205e-05
197,197,1032.0,0.8010688520214438,0.8553222935677879,0.8347737655295653,0.8598592507170062,4.707897491866799e-05,5.1097752814575776e-05,5.581545118592345e-05,4.077462759220001e-05,1.9208810807078607e-28,3.4347213556056824e-13,8.374103472166178e-59,9.611724230860251e-26,0.3241203362186784,5.57423407504351e-08
198,198,11428.0,0.6752729311433034,0.691345330128697,0.6960239590619703,0.6933900480971966,7.603515126039921e-06,7.842134197934925e-06,7.865616578858715e-06,7.841226039896526e-06,2.125245771478193e-12,1.3415824151142109e-20,1.148191091899303e-18,6.603657106336714e-07,0.3618008941495974,0.21327437858025544
199,199,8147.0,0.5817538862834521,0.5764164549718619,0.5781176858196487,0.5900216798759133,1.0557710895387305e-05,1.1569481616997982e-05,1.1669853560657851e-05,1.0858368225872184e-05,0.08393521755767433,0.1996641936026633,0.0006687418318333554,0.13525086592024801,8.274900674614886e-06,5.738381535436607e-05
200,200,1108.0,0.5179608064734094,0.5570718983591352,0.5189695545599959,0.5353203506972362,7.928272330443187e-05,8.57261587349583e-05,8.40788600638886e-05,8.203416146841429e-05,0.00014665634413478051,0.9233380555102293,0.07989667130540039,2.1867643045071255e-22,0.011793867714612686,0.05424880174400445
201,201,24971.0,0.7505347178717314,0.753403882121588,0.7535181122894484,0.782236831934663,2.9127543528656786e-06,3.169523033707742e-06,3.1075298106970618e-06,2.704915342748135e-06,0.014501523591467188,0.009274969506850266,1.05770312759949e-259,0.7701124653197859,4.0191647557261024e-114,2.864539461957919e-120
202,202,1877.0,0.7938072966302765,0.8059854820334081,0.803643186047188,0.8338841715686593,2.428578245572665e-05,3.02584378149526e-05,2.9757004217353836e-05,2.354584784088698e-05,0.002929587530068915,0.006084378540857712,1.6352262720899332e-47,0.12749821276558002,4.471407438998656e-12,3.068684144292964e-16
203,203,10940.0,0.84090261715722,0.8299477106370663,0.8312766453964855,0.8436772183689014,5.434855785375788e-06,5.791923413410288e-06,5.754571320990403e-06,5.545422089488835e-06,5.979141083432022e-09,1.1323064961992712e-07,0.07655654478475092,0.09455590264637778,1.7478434933947258e-13,2.604169599871543e-12
204,204,1883.0,0.7644777041267441,0.7342584775912662,0.7211219459492882,0.76010780005918,3.994123737266625e-05,4.614896875794334e-05,4.482022484419899e-05,4.350053776949409e-05,8.121112910423594e-09,4.134470884548152e-19,0.2993477378141922,1.9869280972417667e-12,1.0706792637975587e-07,6.998842463431414e-17
205,205,330.0,0.6156675786108582,0.5270988380926539,0.5758706171451364,0.5299577652389519,0.00023365215793309476,0.0002068598240865064,0.00019415732302362386,0.0001961003162007505,2.3970521861603457e-13,0.0005163981199630899,4.085875375449741e-16,8.68243893456173e-27,0.8015640200303721,3.489127594405593e-05
206,206,85.0,0.682454960786311,0.5778586856531416,0.6366051721261612,0.5345699834024975,0.0008163372372335483,0.0009646706914656493,0.0007859278681577558,0.0007581466717842233,1.194949679395821e-06,0.003663312395205193,9.480654791983533e-11,3.93099687827014e-11,0.06937939151520092,1.6790135744810597e-06
207,207,40401.0,0.7911880236875672,0.7933020977900074,0.7913395593740263,0.8188664447302304,1.7809627962641545e-06,1.8631479441927649e-06,1.8590475662061501e-06,1.6004500679717954e-06,0.03287699022620406,0.8760825170446935,0.0,2.3617517343524868e-09,2.2092596892855506e-135,5.415984277671554e-168
208,208,1679.0,0.8853668080045486,0.8931587869594882,0.8832840776387032,0.9081355790792376,1.8997076205833224e-05,1.9946626785346073e-05,2.170253703667298e-05,1.5755493313981018e-05,0.006545357409451156,0.4767464051698358,2.037987461046855e-28,2.895646902844527e-23,6.532737132984345e-08,1.4451823490860392e-17
209,209,3934.0,0.8707538861762886,0.869576639509482,0.8643618032029633,0.8844058319078423,1.2192872385308796e-05,1.3033391606238695e-05,1.3390581094708375e-05,1.1831410456757229e-05,0.6456552596594505,0.00867445096559454,3.1615455781868327e-12,1.9886402166276504e-09,1.1362774831578745e-08,7.88339921297276e-15
210,210,17167.0,0.9319653276542241,0.9148897100686597,0.9156807194911871,0.9327042674070327,1.683289590981117e-06,2.072154713765747e-06,2.0057190026699626e-06,1.6313391089099153e-06,1.6559005946121192e-86,1.0163710919237154e-81,0.26759299396650016,0.004528231642074759,8.039172895276315e-93,8.059530849665623e-89
211,211,9699.0,0.8577586800113103,0.8363900150273226,0.8512183328907061,0.8645797485274818,4.636900461650676e-06,5.850557156340893e-06,5.24151114458715e-06,4.638346148053359e-06,1.6786853069127118e-42,1.5504758366456818e-06,1.077068345420597e-10,2.4417449174109787e-122,1.2912580544449736e-69,2.8678751609674706e-21
212,212,2674.0,0.7481894447165552,0.7460435668166389,0.7573609015746444,0.7603966510031717,2.2060307616650443e-05,2.5601317717196395e-05,2.4519191510203824e-05,2.1857325279067456e-05,0.5332324554865782,0.002252418243209718,5.44821928531775e-07,8.123060802698529e-23,0.0001276827807894897,0.3747291483867792
213,213,2786.0,0.6125223912740793,0.6259515605635028,0.6298476524067764,0.6449967045680524,2.8193574807062678e-05,3.10576058139938e-05,3.12210206463923e-05,3.0161245725551497e-05,0.020240820923315386,0.0030180162276463455,3.4078278984801657e-13,0.06928253832769672,0.0002957381082855469,0.0038088731815125814
214,214,297.0,0.7238678007295671,0.6985964358720176,0.6870156809667853,0.7021880597384449,0.00020273945673932985,0.00022586348604100307,0.00022343069414633527,0.0002269255181621113,0.006353719575082426,0.0001315619213591115,0.011379261252615378,0.0049048371835281115,0.7018679542288397,0.0913300259795686
215,215,1957.0,0.31250035299708956,0.32421933889418303,0.321302432451231,0.30567854674422396,3.778762651894182e-05,3.649589618675689e-05,3.520061944912949e-05,3.462049926444022e-05,0.00574408864206795,0.044653490501890075,0.09626538383057281,0.06131060113652066,1.0996482306041833e-05,0.0001800090177673377
216,216,482.0,0.5527721221927385,0.6387690651672758,0.6053227476980908,0.587977890124089,0.00017288653580585292,0.0001963403704824627,0.00019795429606177646,0.00018968237497669853,7.534695541774687e-19,5.738642555422309e-09,3.285585062246368e-05,6.674547086086204e-13,5.375566118261432e-07,0.0713403307328047
217,217,2115.0,0.9015452543892549,0.8979992614511495,0.8908612453685494,0.9112428833563202,2.0187722456414827e-05,2.17127855712712e-05,2.2934428414842868e-05,1.9488832416311896e-05,0.36167715804732536,0.00335677485348384,0.0012266166039227083,6.032764756328249e-09,0.0006204000187102796,3.1968600032913124e-08
218,218,2710.0,0.6945301546576166,0.7353783075383363,0.7206262602723471,0.7596589427683709,2.7105163556974478e-05,3.3434075433177105e-05,3.331380448765338e-05,3.0489519504813956e-05,1.1019919838702324e-16,2.755954701162327e-08,3.868423788571695e-64,2.3095585577226353e-16,1.4683804794210328e-06,2.2743193819077425e-15
219,219,1259.0,0.9472185325515048,0.9415921153251718,0.9331330334471553,0.9554455646653606,1.881349953106643e-05,2.2522590230538447e-05,2.3294479981773424e-05,1.8463413801133884e-05,0.05309234739714359,4.68455137056755e-06,3.591449970577003e-05,2.8122318987371614e-11,2.3609126393313406e-06,4.24042683814781e-12
220,220,5025.0,0.7163544878656495,0.7069445746535375,0.6997038838365569,0.7637473483853128,1.587102326229296e-05,2.0124455733091034e-05,1.9814045200668133e-05,1.6266189612372234e-05,0.012377959877818749,5.479361576548791e-06,8.019541332173767e-56,1.8405198517614206e-08,4.654835037550487e-49,1.1215238342850843e-61
221,221,2489.0,0.7579211873597161,0.7761881994063365,0.7561028642907183,0.7641221991569312,3.777037051579479e-05,3.3593036150656025e-05,3.5933335987009065e-05,3.789987114965527e-05,0.0001448311005794369,0.6878968345711667,0.06383432918943518,1.9929324492176192e-27,0.004988107195137359,0.061061193373810815
222,222,8980.0,0.87641617448691,0.8664730559292473,0.8677341156803143,0.8867247874186677,5.544423291961994e-06,6.420636493646441e-06,6.216349244983053e-06,5.449699286521419e-06,2.672075085936972e-08,5.17462336151181e-07,1.5226266245058743e-10,0.031095699938869518,5.114107653815658e-27,2.8494854721118716e-25
223,223,9290.0,0.7427300597531248,0.7362813129396767,0.7363069145014072,0.7474108221675604,7.731063452234458e-06,8.041903996498716e-06,7.967522332148296e-06,7.856669639409946e-06,0.0015838031820510122,0.0010118238460070548,0.004333031978879662,0.9690808430722161,2.0151977524835284e-07,9.034413387046522e-08
224,224,1363.0,0.5400537418679331,0.5079857953436406,0.4862804890787532,0.522396636484438,6.555121218161646e-05,6.426878028279576e-05,6.332935368682106e-05,7.03744689779328e-05,0.00012684022671892773,2.238226220427222e-11,0.020534302382693957,1.9299413141603987e-14,0.07417061873284651,3.1189844216609875e-06
225,225,1276.0,0.5906849914407762,0.6253553002203032,0.5916774171434533,0.6300890859343085,6.891403590979449e-05,6.989802426611386e-05,6.76233925555223e-05,7.103487212988315e-05,9.319462047294261e-06,0.9013088833882994,4.8718992025701254e-08,3.279053393829984e-33,0.525020841921507,2.3464241095447823e-07
226,226,5750.0,0.8542136127809191,0.8477667469745128,0.849212513215697,0.8734332094659729,1.0242070804642519e-05,1.0798305837253657e-05,1.0611609991736308e-05,9.281615063929272e-06,0.009017608608486756,0.036039678094973944,5.595005963780393e-28,0.09264393329174629,3.870485304614577e-26,3.871357513766076e-24
227,227,4869.0,0.74015863923873,0.78503157214884,0.78327984673213,0.8192938741866209,1.5884772289540128e-05,1.5980128490997562e-05,1.5770863621520847e-05,1.4164624402810845e-05,1.7937693319321165e-37,2.510875060040704e-35,9.212391845631375e-149,0.09787711733069594,3.0998483772045192e-24,4.5590755883284905e-28
228,228,3976.0,0.7131003961359872,0.6999341375846573,0.699960842416024,0.74665299033739,2.1343511473251683e-05,2.4089698616666107e-05,2.401355705079029e-05,2.3013070645313277e-05,0.0011761820632364968,0.0005971286099353836,1.1274064393906192e-21,0.9848056566808506,4.349683553197627e-30,1.5714159544250877e-32
229,229,189.0,0.6368383309425991,0.6547364250732397,0.6192823358677357,0.6864325475655623,0.00046312609315351855,0.00046530997206351677,0.00048218437767869445,0.0003881199263379453,0.34656847002284585,0.31245886904997844,0.0014248331652982884,8.346474614125776e-06,0.041977448796287495,5.2682239307751105e-06
230,230,796.0,0.5312248900571225,0.5494864036352598,0.5409289127916674,0.5348477159714705,0.00011910705366756053,0.00012022620212509164,0.00011924578156925177,0.00012051256132675198,0.0592770727524182,0.29230730742317557,0.6769055194580054,0.005344321862218468,0.10962004832266092,0.48746735518006357
231,231,1873.0,0.5956606152255662,0.5840338789160611,0.5791799161326422,0.624439205722963,4.786634797998036e-05,4.944107563689712e-05,4.909361251095122e-05,5.0842285563428446e-05,0.11782374885938528,0.018131908522811286,7.327257332254242e-06,0.07259789877296646,5.266767491156569e-08,6.059275792680143e-11
232,232,170.0,0.5405431400523866,0.5065235395710509,0.5112478285314405,0.5088358025867687,0.0005215813112401635,0.0005056468093677726,0.000506718636300229,0.0004980870931086934,0.025240580852888793,0.033310959424686794,0.01528067667402648,0.2876257155601093,0.8668384444287855,0.8525274933686444
233,233,3532.0,0.5623676749187366,0.583059118064348,0.5569265951291243,0.5697729470386053,2.345674333629937e-05,2.543024738064796e-05,2.410523831438283e-05,2.3981899628495918e-05,5.115069666004358e-06,0.16916107676975634,0.02304303647002955,3.262814019644997e-37,0.0020330367984991594,0.0009899918190336022
234,234,2722.0,0.6382941481923693,0.6133228656846853,0.58233211249945,0.6587782538510049,3.1440990992700495e-05,3.3685362820211836e-05,3.1912687172257846e-05,3.18158202975845e-05,2.092968274475703e-06,9.304370007393841e-26,2.8727194012955226e-07,5.812167896625914e-73,1.526997588526894e-19,1.7376684412619112e-50
235,235,40033.0,0.7091351424723871,0.6955773558802472,0.6997622547566809,0.7119102297301116,2.3428686406828485e-06,2.4509649905374705e-06,2.393023771416582e-06,2.3528940016304743e-06,1.059269815325314e-29,1.8635742840384707e-16,0.005149132360699644,2.3750548784071515e-16,3.5621752442459734e-38,2.7548849502475673e-23
236,236,15287.0,0.8465177315424607,0.8422494634041788,0.8447519735984709,0.8524174401681542,3.4931988982568775e-06,4.0146067303186954e-06,3.828846184475012e-06,3.84198008008711e-06,0.0026046840370560153,0.20383613830519087,2.277362472836881e-06,1.3009829580281546e-07,1.1303612011106402e-11,2.673235484195636e-07
237,237,6665.0,0.7968374421457454,0.7896859511659744,0.7979074312832904,0.8301939479546095,1.1258674820863107e-05,1.2513026191443546e-05,1.206498869774897e-05,1.0328597255094956e-05,0.004457989102221574,0.6644299705795151,2.613179049279003e-46,1.0265575392663097e-18,2.5610226287490253e-51,2.2569622771484437e-33
238,238,70455.0,0.8221617905161672,0.8132827533210875,0.8144162127818645,0.8081033947232142,1.0260770755817217e-06,1.1268013303457456e-06,1.1169931742509344e-06,1.1296875636600537e-06,2.0058427719027922e-36,8.039352222585927e-29,3.6851117657843855e-109,2.3118510511072363e-06,8.283858166999367e-11,4.196864230349687e-15
239,239,57128.0,0.7968830136139218,0.773996651979751,0.7596689445173851,0.7754512122651441,1.3598955587073812e-06,1.6033208956258875e-06,1.70035528418717e-06,1.5597725147061986e-06,9.62153509059277e-137,0.0,1.3034206230861314e-173,6.292550215040313e-185,0.14195979946339532,1.0343945363485517e-64
